,time,open,high,low,close,volume,start
0,1636570800000.0,1.8524,1.8648,1.8513,1.8642,2181408.0,2021-11-10 19:00:00
1,1636571700000.0,1.8643,1.8648,1.8505,1.8535,1450240.0,2021-11-10 19:15:00
2,1636572600000.0,1.8535,1.8552,1.8254,1.8301,5821705.0,2021-11-10 19:30:00
3,1636573500000.0,1.8301,1.8345,1.78,1.7849,11469707.0,2021-11-10 19:45:00
4,1636574400000.0,1.785,1.7916,1.7453,1.7721,16357414.0,2021-11-10 20:00:00
5,1636575300000.0,1.772,1.7992,1.7651,1.7936,5314296.0,2021-11-10 20:15:00
6,1636576200000.0,1.7936,1.8044,1.7709,1.771,5490287.0,2021-11-10 20:30:00
7,1636577100000.0,1.7709,1.7833,1.65,1.7182,32918391.0,2021-11-10 20:45:00
8,1636578000000.0,1.7177,1.7391,1.7014,1.7217,10380858.0,2021-11-10 21:00:00
9,1636578900000.0,1.7217,1.7221,1.51,1.5984,52083532.0,2021-11-10 21:15:00
10,1636579800000.0,1.5987,1.6447,1.5857,1.6423,28602521.0,2021-11-10 21:30:00
11,1636580700000.0,1.6428,1.6439,1.6041,1.616,16777012.0,2021-11-10 21:45:00
12,1636581600000.0,1.6156,1.6605,1.59,1.6573,14966076.0,2021-11-10 22:00:00
13,1636582500000.0,1.6571,1.6578,1.6355,1.6499,6189894.0,2021-11-10 22:15:00
14,1636583400000.0,1.6497,1.6744,1.6494,1.6727,4857403.0,2021-11-10 22:30:00
15,1636584300000.0,1.6724,1.6966,1.6707,1.6929,5098652.0,2021-11-10 22:45:00
16,1636585200000.0,1.6929,1.6929,1.6727,1.6854,4091078.0,2021-11-10 23:00:00
17,1636586100000.0,1.6851,1.6856,1.666,1.6775,4855897.0,2021-11-10 23:15:00
18,1636587000000.0,1.6775,1.6914,1.6645,1.6896,3855576.0,2021-11-10 23:30:00
19,1636587900000.0,1.6896,1.7091,1.6874,1.6995,4632144.0,2021-11-10 23:45:00
20,1636588800000.0,1.6993,1.7066,1.6763,1.6853,6792811.0,2021-11-11 00:00:00
21,1636589700000.0,1.6853,1.6901,1.6671,1.6878,3869622.0,2021-11-11 00:15:00
22,1636590600000.0,1.6877,1.69,1.675,1.6824,2027421.0,2021-11-11 00:30:00
23,1636591500000.0,1.6828,1.7149,1.6819,1.7146,3345065.0,2021-11-11 00:45:00
24,1636592400000.0,1.7147,1.7202,1.7007,1.706,3261171.0,2021-11-11 01:00:00
25,1636593300000.0,1.7059,1.7088,1.6899,1.6929,2984932.0,2021-11-11 01:15:00
26,1636594200000.0,1.6928,1.698,1.6888,1.6934,1886918.0,2021-11-11 01:30:00
27,1636595100000.0,1.6935,1.7099,1.6919,1.7012,2256576.0,2021-11-11 01:45:00
28,1636596000000.0,1.7011,1.7011,1.684,1.6868,1806002.0,2021-11-11 02:00:00
29,1636596900000.0,1.6868,1.6969,1.6769,1.6774,2681136.0,2021-11-11 02:15:00
30,1636597800000.0,1.6773,1.6799,1.6632,1.6734,3243347.0,2021-11-11 02:30:00
31,1636598700000.0,1.6733,1.6921,1.6704,1.692,1739402.0,2021-11-11 02:45:00
32,1636599600000.0,1.692,1.6921,1.6836,1.6896,1515469.0,2021-11-11 03:00:00
33,1636600500000.0,1.6901,1.7042,1.6883,1.7032,1895255.0,2021-11-11 03:15:00
34,1636601400000.0,1.7031,1.7045,1.6929,1.7013,2359863.0,2021-11-11 03:30:00
35,1636602300000.0,1.7011,1.7119,1.7005,1.7059,1939785.0,2021-11-11 03:45:00
36,1636603200000.0,1.7059,1.7094,1.6966,1.7065,2087878.0,2021-11-11 04:00:00
37,1636604100000.0,1.7066,1.7087,1.7002,1.701,1395227.0,2021-11-11 04:15:00
38,1636605000000.0,1.7008,1.7067,1.6964,1.6982,1296251.0,2021-11-11 04:30:00
39,1636605900000.0,1.698,1.7101,1.6934,1.7084,1215574.0,2021-11-11 04:45:00
40,1636606800000.0,1.7084,1.7215,1.7058,1.7199,2355324.0,2021-11-11 05:00:00
41,1636607700000.0,1.7198,1.7256,1.715,1.7243,1788242.0,2021-11-11 05:15:00
42,1636608600000.0,1.7247,1.7296,1.7203,1.7251,1938352.0,2021-11-11 05:30:00
43,1636609500000.0,1.7252,1.7353,1.722,1.7348,1689838.0,2021-11-11 05:45:00
44,1636610400000.0,1.735,1.7362,1.7259,1.7347,1793203.0,2021-11-11 06:00:00
45,1636611300000.0,1.7347,1.7349,1.7238,1.7303,1560469.0,2021-11-11 06:15:00
46,1636612200000.0,1.7302,1.7384,1.728,1.7321,1282680.0,2021-11-11 06:30:00
47,1636613100000.0,1.7321,1.7397,1.7301,1.7391,1834095.0,2021-11-11 06:45:00
48,1636614000000.0,1.7391,1.7457,1.7346,1.7427,2280603.0,2021-11-11 07:00:00
49,1636614900000.0,1.7428,1.7496,1.7415,1.7449,2413984.0,2021-11-11 07:15:00
50,1636615800000.0,1.7446,1.7498,1.7414,1.7449,1804378.0,2021-11-11 07:30:00
51,1636616700000.0,1.745,1.7519,1.7441,1.7492,1735209.0,2021-11-11 07:45:00
52,1636617600000.0,1.7492,1.7518,1.7228,1.7248,3584732.0,2021-11-11 08:00:00
53,1636618500000.0,1.7249,1.7374,1.7231,1.7233,2393020.0,2021-11-11 08:15:00
54,1636619400000.0,1.7233,1.7283,1.714,1.7259,2876105.0,2021-11-11 08:30:00
55,1636620300000.0,1.7261,1.7467,1.7246,1.7458,2797364.0,2021-11-11 08:45:00
56,1636621200000.0,1.7461,1.747,1.7312,1.7369,2213992.0,2021-11-11 09:00:00
57,1636622100000.0,1.737,1.7498,1.731,1.7498,2141690.0,2021-11-11 09:15:00
58,1636623000000.0,1.7498,1.7504,1.7424,1.7446,1473486.0,2021-11-11 09:30:00
59,1636623900000.0,1.7444,1.7791,1.7443,1.7695,5812610.0,2021-11-11 09:45:00
60,1636624800000.0,1.7695,1.7792,1.76,1.7645,4912717.0,2021-11-11 10:00:00
61,1636625700000.0,1.7646,1.7674,1.7561,1.7592,3151527.0,2021-11-11 10:15:00
62,1636626600000.0,1.759,1.7591,1.7478,1.7575,3183277.0,2021-11-11 10:30:00
63,1636627500000.0,1.7575,1.7586,1.7462,1.7479,1303595.0,2021-11-11 10:45:00
64,1636628400000.0,1.7478,1.7497,1.7409,1.745,1661090.0,2021-11-11 11:00:00
65,1636629300000.0,1.745,1.7546,1.7431,1.7528,1429048.0,2021-11-11 11:15:00
66,1636630200000.0,1.7527,1.7566,1.741,1.7413,1280040.0,2021-11-11 11:30:00
67,1636631100000.0,1.7412,1.7466,1.7366,1.7465,1655434.0,2021-11-11 11:45:00
68,1636632000000.0,1.7463,1.7525,1.7307,1.7317,2417674.0,2021-11-11 12:00:00
69,1636632900000.0,1.7318,1.7396,1.7301,1.7311,1428202.0,2021-11-11 12:15:00
70,1636633800000.0,1.7311,1.7358,1.7142,1.7291,3796202.0,2021-11-11 12:30:00
71,1636634700000.0,1.7291,1.7359,1.7251,1.7352,1815898.0,2021-11-11 12:45:00
72,1636635600000.0,1.7351,1.7412,1.7208,1.7217,2103563.0,2021-11-11 13:00:00
73,1636636500000.0,1.7217,1.7304,1.719,1.7284,1991886.0,2021-11-11 13:15:00
74,1636637400000.0,1.7286,1.7292,1.7171,1.722,2237002.0,2021-11-11 13:30:00
75,1636638300000.0,1.7221,1.7241,1.713,1.7143,2557714.0,2021-11-11 13:45:00
76,1636639200000.0,1.7145,1.7266,1.7029,1.7055,4007870.0,2021-11-11 14:00:00
77,1636640100000.0,1.7055,1.7162,1.7007,1.709,2675322.0,2021-11-11 14:15:00
78,1636641000000.0,1.709,1.7337,1.705,1.729,3455418.0,2021-11-11 14:30:00
79,1636641900000.0,1.7291,1.7337,1.7242,1.7247,1963831.0,2021-11-11 14:45:00
80,1636642800000.0,1.7247,1.7268,1.7164,1.7247,2312695.0,2021-11-11 15:00:00
81,1636643700000.0,1.7247,1.7262,1.7145,1.716,1763647.0,2021-11-11 15:15:00
82,1636644600000.0,1.7163,1.7175,1.7082,1.7169,1817762.0,2021-11-11 15:30:00
83,1636645500000.0,1.717,1.7214,1.7118,1.7176,1214161.0,2021-11-11 15:45:00
84,1636646400000.0,1.7176,1.7274,1.7171,1.7269,1376315.0,2021-11-11 16:00:00
85,1636647300000.0,1.7269,1.7307,1.7225,1.7292,1479119.0,2021-11-11 16:15:00
86,1636648200000.0,1.7291,1.7458,1.7284,1.7337,3164398.0,2021-11-11 16:30:00
87,1636649100000.0,1.7337,1.7474,1.7337,1.7457,1345796.0,2021-11-11 16:45:00
88,1636650000000.0,1.7454,1.7529,1.7435,1.7502,1973860.0,2021-11-11 17:00:00
89,1636650900000.0,1.7503,1.7537,1.7427,1.7431,1595200.0,2021-11-11 17:15:00
90,1636651800000.0,1.7429,1.7494,1.7403,1.7464,1072220.0,2021-11-11 17:30:00
91,1636652700000.0,1.7464,1.7514,1.7384,1.7404,1609835.0,2021-11-11 17:45:00
92,1636653600000.0,1.7405,1.7502,1.7367,1.7431,1804284.0,2021-11-11 18:00:00
93,1636654500000.0,1.7431,1.7476,1.7297,1.7304,1271359.0,2021-11-11 18:15:00
94,1636655400000.0,1.7304,1.7316,1.7251,1.7285,1426891.0,2021-11-11 18:30:00
95,1636656300000.0,1.7286,1.7397,1.7279,1.7341,1163479.0,2021-11-11 18:45:00
96,1636657200000.0,1.7341,1.7544,1.7337,1.7507,1972791.0,2021-11-11 19:00:00
97,1636658100000.0,1.7506,1.751,1.7408,1.7463,1351064.0,2021-11-11 19:15:00
98,1636659000000.0,1.7468,1.7565,1.7468,1.7542,1672517.0,2021-11-11 19:30:00
99,1636659900000.0,1.7544,1.7659,1.7527,1.7624,1621489.0,2021-11-11 19:45:00
100,1636660800000.0,1.7626,1.7667,1.7556,1.7586,2061250.0,2021-11-11 20:00:00
101,1636661700000.0,1.7586,1.7586,1.7488,1.7501,1157787.0,2021-11-11 20:15:00
102,1636662600000.0,1.7501,1.7506,1.7445,1.7506,936869.0,2021-11-11 20:30:00
103,1636663500000.0,1.7505,1.7646,1.7475,1.7535,1444326.0,2021-11-11 20:45:00
104,1636664400000.0,1.7534,1.7699,1.7515,1.7621,1649811.0,2021-11-11 21:00:00
105,1636665300000.0,1.7622,1.774,1.7622,1.7683,2281544.0,2021-11-11 21:15:00
106,1636666200000.0,1.7684,1.7693,1.7629,1.7687,1130948.0,2021-11-11 21:30:00
107,1636667100000.0,1.7685,1.773,1.7642,1.772,1519359.0,2021-11-11 21:45:00
108,1636668000000.0,1.772,1.7766,1.7669,1.7703,2008308.0,2021-11-11 22:00:00
109,1636668900000.0,1.7703,1.7818,1.7669,1.769,2076724.0,2021-11-11 22:15:00
110,1636669800000.0,1.7689,1.7795,1.7685,1.7746,1038281.0,2021-11-11 22:30:00
111,1636670700000.0,1.7746,1.7784,1.7709,1.7735,824090.0,2021-11-11 22:45:00
112,1636671600000.0,1.7735,1.7821,1.769,1.7813,1340635.0,2021-11-11 23:00:00
113,1636672500000.0,1.7812,1.7933,1.7734,1.7752,2556271.0,2021-11-11 23:15:00
114,1636673400000.0,1.7752,1.7758,1.7643,1.7668,1660015.0,2021-11-11 23:30:00
115,1636674300000.0,1.7669,1.7753,1.7538,1.7543,2758363.0,2021-11-11 23:45:00
116,1636675200000.0,1.7542,1.7626,1.7454,1.7548,3179435.0,2021-11-12 00:00:00
117,1636676100000.0,1.7548,1.7625,1.742,1.7527,3209725.0,2021-11-12 00:15:00
118,1636677000000.0,1.7526,1.7576,1.7476,1.754,1315220.0,2021-11-12 00:30:00
119,1636677900000.0,1.7542,1.7548,1.7447,1.745,1144693.0,2021-11-12 00:45:00
120,1636678800000.0,1.745,1.7481,1.7301,1.7313,2332354.0,2021-11-12 01:00:00
121,1636679700000.0,1.7315,1.7416,1.7156,1.7408,4190706.0,2021-11-12 01:15:00
122,1636680600000.0,1.7407,1.7539,1.738,1.7535,1979923.0,2021-11-12 01:30:00
123,1636681500000.0,1.7536,1.7656,1.7461,1.7654,2516662.0,2021-11-12 01:45:00
124,1636682400000.0,1.7654,1.777,1.7642,1.7717,2499038.0,2021-11-12 02:00:00
125,1636683300000.0,1.7716,1.7732,1.7642,1.7665,886184.0,2021-11-12 02:15:00
126,1636684200000.0,1.7666,1.7673,1.7547,1.7613,1873022.0,2021-11-12 02:30:00
127,1636685100000.0,1.7611,1.7671,1.7577,1.7662,737817.0,2021-11-12 02:45:00
128,1636686000000.0,1.7663,1.7706,1.7545,1.7569,1408761.0,2021-11-12 03:00:00
129,1636686900000.0,1.7569,1.7734,1.7564,1.7695,1434697.0,2021-11-12 03:15:00
130,1636687800000.0,1.7694,1.7739,1.7534,1.755,1778966.0,2021-11-12 03:30:00
131,1636688700000.0,1.7549,1.7647,1.7537,1.7616,1337334.0,2021-11-12 03:45:00
132,1636689600000.0,1.7616,1.766,1.7562,1.7575,1038683.0,2021-11-12 04:00:00
133,1636690500000.0,1.7574,1.7611,1.7551,1.7597,632585.0,2021-11-12 04:15:00
134,1636691400000.0,1.7596,1.7652,1.7574,1.7635,757814.0,2021-11-12 04:30:00
135,1636692300000.0,1.7635,1.7664,1.7604,1.7633,739409.0,2021-11-12 04:45:00
136,1636693200000.0,1.7633,1.7688,1.7619,1.7688,570550.0,2021-11-12 05:00:00
137,1636694100000.0,1.7687,1.769,1.7555,1.7566,1198742.0,2021-11-12 05:15:00
138,1636695000000.0,1.7564,1.7566,1.7513,1.7518,828224.0,2021-11-12 05:30:00
139,1636695900000.0,1.7518,1.7525,1.7424,1.7435,1519259.0,2021-11-12 05:45:00
140,1636696800000.0,1.7429,1.7486,1.7386,1.7397,1521533.0,2021-11-12 06:00:00
141,1636697700000.0,1.74,1.7427,1.7354,1.7399,2237169.0,2021-11-12 06:15:00
142,1636698600000.0,1.74,1.7487,1.7386,1.7464,965233.0,2021-11-12 06:30:00
143,1636699500000.0,1.7464,1.7509,1.7323,1.7347,1584420.0,2021-11-12 06:45:00
144,1636700400000.0,1.7347,1.7377,1.7165,1.7218,3125242.0,2021-11-12 07:00:00
145,1636701300000.0,1.7217,1.7262,1.7101,1.7202,2384297.0,2021-11-12 07:15:00
146,1636702200000.0,1.7202,1.7279,1.7125,1.7159,1462588.0,2021-11-12 07:30:00
147,1636703100000.0,1.7158,1.7159,1.7031,1.7158,2198557.0,2021-11-12 07:45:00
148,1636704000000.0,1.7158,1.725,1.7051,1.7247,2092006.0,2021-11-12 08:00:00
149,1636704900000.0,1.7246,1.7271,1.7147,1.7196,1420798.0,2021-11-12 08:15:00
150,1636705800000.0,1.7196,1.7291,1.7162,1.7276,1377393.0,2021-11-12 08:30:00
151,1636706700000.0,1.7275,1.7295,1.7243,1.7269,950815.0,2021-11-12 08:45:00
152,1636707600000.0,1.727,1.728,1.7242,1.7251,590216.0,2021-11-12 09:00:00
153,1636708500000.0,1.7251,1.7254,1.7008,1.7024,3299062.0,2021-11-12 09:15:00
154,1636709400000.0,1.7025,1.7115,1.673,1.7023,9124208.0,2021-11-12 09:30:00
155,1636710300000.0,1.7022,1.7079,1.67,1.6755,6248388.0,2021-11-12 09:45:00
156,1636711200000.0,1.6751,1.688,1.665,1.6835,5316350.0,2021-11-12 10:00:00
157,1636712100000.0,1.6833,1.6964,1.6785,1.6891,2705763.0,2021-11-12 10:15:00
158,1636713000000.0,1.689,1.6955,1.6809,1.6822,2000638.0,2021-11-12 10:30:00
159,1636713900000.0,1.6825,1.6867,1.672,1.6766,2582907.0,2021-11-12 10:45:00
160,1636714800000.0,1.6765,1.6935,1.6742,1.6917,2710101.0,2021-11-12 11:00:00
161,1636715700000.0,1.6914,1.7,1.686,1.6952,1962415.0,2021-11-12 11:15:00
162,1636716600000.0,1.6952,1.7002,1.6857,1.6859,1516358.0,2021-11-12 11:30:00
163,1636717500000.0,1.6858,1.6858,1.6728,1.6837,2399214.0,2021-11-12 11:45:00
164,1636718400000.0,1.6838,1.6998,1.6625,1.6992,4496767.0,2021-11-12 12:00:00
165,1636719300000.0,1.6993,1.7082,1.694,1.7037,2789078.0,2021-11-12 12:15:00
166,1636720200000.0,1.7039,1.7043,1.688,1.692,1774200.0,2021-11-12 12:30:00
167,1636721100000.0,1.6919,1.7052,1.6859,1.6993,1588969.0,2021-11-12 12:45:00
168,1636722000000.0,1.6992,1.7062,1.689,1.6893,2033872.0,2021-11-12 13:00:00
169,1636722900000.0,1.6893,1.6945,1.6769,1.6939,2712032.0,2021-11-12 13:15:00
170,1636723800000.0,1.6938,1.7036,1.69,1.7028,1826496.0,2021-11-12 13:30:00
171,1636724700000.0,1.7029,1.7087,1.6976,1.7048,1690605.0,2021-11-12 13:45:00
172,1636725600000.0,1.7047,1.7104,1.7011,1.708,1361825.0,2021-11-12 14:00:00
173,1636726500000.0,1.708,1.708,1.6887,1.6904,2402434.0,2021-11-12 14:15:00
174,1636727400000.0,1.6903,1.6961,1.6845,1.6909,1723207.0,2021-11-12 14:30:00
175,1636728300000.0,1.6907,1.6943,1.687,1.687,1102214.0,2021-11-12 14:45:00
176,1636729200000.0,1.687,1.692,1.6812,1.6826,1464005.0,2021-11-12 15:00:00
177,1636730100000.0,1.6826,1.686,1.67,1.6761,3357834.0,2021-11-12 15:15:00
178,1636731000000.0,1.6763,1.6804,1.6712,1.6799,1537071.0,2021-11-12 15:30:00
179,1636731900000.0,1.6799,1.6902,1.6761,1.6775,1681750.0,2021-11-12 15:45:00
180,1636732800000.0,1.6776,1.6818,1.6626,1.6817,3573288.0,2021-11-12 16:00:00
181,1636733700000.0,1.6819,1.6892,1.6546,1.6581,4089007.0,2021-11-12 16:15:00
182,1636734600000.0,1.6582,1.6642,1.6357,1.6438,6970808.0,2021-11-12 16:30:00
183,1636735500000.0,1.6438,1.6734,1.6394,1.6731,3513668.0,2021-11-12 16:45:00
184,1636736400000.0,1.6729,1.6851,1.6658,1.6837,2931705.0,2021-11-12 17:00:00
185,1636737300000.0,1.6837,1.6869,1.67,1.6852,2292350.0,2021-11-12 17:15:00
186,1636738200000.0,1.6853,1.6893,1.6804,1.6888,1491017.0,2021-11-12 17:30:00
187,1636739100000.0,1.689,1.693,1.6836,1.693,1342550.0,2021-11-12 17:45:00
188,1636740000000.0,1.6931,1.7139,1.6903,1.7072,4088238.0,2021-11-12 18:00:00
189,1636740900000.0,1.707,1.7205,1.7044,1.7158,2258528.0,2021-11-12 18:15:00
190,1636741800000.0,1.7158,1.7212,1.7077,1.7106,2686735.0,2021-11-12 18:30:00
191,1636742700000.0,1.7106,1.7167,1.7058,1.7157,1445469.0,2021-11-12 18:45:00
192,1636743600000.0,1.7157,1.7168,1.7042,1.7045,1221165.0,2021-11-12 19:00:00
193,1636744500000.0,1.7044,1.7059,1.695,1.6983,2761036.0,2021-11-12 19:15:00
194,1636745400000.0,1.6983,1.7052,1.6906,1.701,2137130.0,2021-11-12 19:30:00
195,1636746300000.0,1.7011,1.7042,1.6951,1.6974,1219544.0,2021-11-12 19:45:00
196,1636747200000.0,1.6974,1.7143,1.697,1.7143,2266662.0,2021-11-12 20:00:00
197,1636748100000.0,1.7143,1.7211,1.7081,1.7193,1925376.0,2021-11-12 20:15:00
198,1636749000000.0,1.7193,1.7201,1.7133,1.7168,857528.0,2021-11-12 20:30:00
199,1636749900000.0,1.7169,1.7242,1.7125,1.722,1298710.0,2021-11-12 20:45:00
200,1636750800000.0,1.7221,1.7263,1.7187,1.7254,1467500.0,2021-11-12 21:00:00
201,1636751700000.0,1.7253,1.7268,1.7167,1.72,1126210.0,2021-11-12 21:15:00
202,1636752600000.0,1.72,1.7247,1.7171,1.7231,814570.0,2021-11-12 21:30:00
203,1636753500000.0,1.7233,1.7245,1.7146,1.7183,875538.0,2021-11-12 21:45:00
204,1636754400000.0,1.7184,1.7225,1.7154,1.716,881846.0,2021-11-12 22:00:00
205,1636755300000.0,1.7161,1.7207,1.714,1.7177,522317.0,2021-11-12 22:15:00
206,1636756200000.0,1.7177,1.7259,1.7173,1.7241,625320.0,2021-11-12 22:30:00
207,1636757100000.0,1.7241,1.725,1.7117,1.72,754020.0,2021-11-12 22:45:00
208,1636758000000.0,1.72,1.7286,1.7199,1.7257,1219825.0,2021-11-12 23:00:00
209,1636758900000.0,1.7256,1.7273,1.7187,1.7217,707222.0,2021-11-12 23:15:00
210,1636759800000.0,1.7217,1.7255,1.7102,1.7119,1283925.0,2021-11-12 23:30:00
211,1636760700000.0,1.7121,1.7226,1.7105,1.7161,1478730.0,2021-11-12 23:45:00
212,1636761600000.0,1.7161,1.7293,1.7158,1.7289,1638008.0,2021-11-13 00:00:00
213,1636762500000.0,1.7293,1.7355,1.7272,1.7298,1223550.0,2021-11-13 00:15:00
214,1636763400000.0,1.7298,1.7438,1.7288,1.7407,1837174.0,2021-11-13 00:30:00
215,1636764300000.0,1.7407,1.7409,1.7306,1.7373,1403275.0,2021-11-13 00:45:00
216,1636765200000.0,1.7372,1.7389,1.7287,1.7288,831897.0,2021-11-13 01:00:00
217,1636766100000.0,1.7289,1.7324,1.7284,1.7298,1048098.0,2021-11-13 01:15:00
218,1636767000000.0,1.7297,1.7348,1.7283,1.7292,992644.0,2021-11-13 01:30:00
219,1636767900000.0,1.7289,1.7291,1.7169,1.7182,2321355.0,2021-11-13 01:45:00
220,1636768800000.0,1.7183,1.7223,1.713,1.7158,1200399.0,2021-11-13 02:00:00
221,1636769700000.0,1.7153,1.7225,1.7145,1.7201,1195657.0,2021-11-13 02:15:00
222,1636770600000.0,1.7202,1.7256,1.7171,1.7213,1250321.0,2021-11-13 02:30:00
223,1636771500000.0,1.7213,1.7243,1.7076,1.7115,1221103.0,2021-11-13 02:45:00
224,1636772400000.0,1.7112,1.7165,1.7107,1.7157,690866.0,2021-11-13 03:00:00
225,1636773300000.0,1.7157,1.7231,1.7152,1.72,625859.0,2021-11-13 03:15:00
226,1636774200000.0,1.7201,1.7207,1.7131,1.7201,1037217.0,2021-11-13 03:30:00
227,1636775100000.0,1.7204,1.7219,1.7112,1.7144,622048.0,2021-11-13 03:45:00
228,1636776000000.0,1.7141,1.7183,1.7062,1.7088,923875.0,2021-11-13 04:00:00
229,1636776900000.0,1.7087,1.7108,1.7029,1.7108,951631.0,2021-11-13 04:15:00
230,1636777800000.0,1.7107,1.713,1.7072,1.7092,516769.0,2021-11-13 04:30:00
231,1636778700000.0,1.7091,1.713,1.7066,1.7118,572735.0,2021-11-13 04:45:00
232,1636779600000.0,1.7116,1.7118,1.7047,1.7048,501934.0,2021-11-13 05:00:00
233,1636780500000.0,1.7051,1.7125,1.7047,1.7091,582828.0,2021-11-13 05:15:00
234,1636781400000.0,1.7092,1.7105,1.703,1.7087,768434.0,2021-11-13 05:30:00
235,1636782300000.0,1.7086,1.7184,1.7072,1.714,1250165.0,2021-11-13 05:45:00
236,1636783200000.0,1.714,1.7203,1.7116,1.7153,795361.0,2021-11-13 06:00:00
237,1636784100000.0,1.7153,1.7241,1.714,1.7241,415730.0,2021-11-13 06:15:00
238,1636785000000.0,1.7241,1.7268,1.7198,1.722,989970.0,2021-11-13 06:30:00
239,1636785900000.0,1.722,1.7268,1.7211,1.7262,529512.0,2021-11-13 06:45:00
240,1636786800000.0,1.7261,1.7269,1.7128,1.7153,1583458.0,2021-11-13 07:00:00
241,1636787700000.0,1.7153,1.7171,1.7123,1.7149,863966.0,2021-11-13 07:15:00
242,1636788600000.0,1.715,1.7158,1.7093,1.7129,611329.0,2021-11-13 07:30:00
243,1636789500000.0,1.713,1.7255,1.7126,1.7246,709683.0,2021-11-13 07:45:00
244,1636790400000.0,1.7245,1.7259,1.7205,1.7254,774205.0,2021-11-13 08:00:00
245,1636791300000.0,1.7252,1.7266,1.7197,1.72,792923.0,2021-11-13 08:15:00
246,1636792200000.0,1.72,1.7206,1.7128,1.7133,684885.0,2021-11-13 08:30:00
247,1636793100000.0,1.7134,1.7192,1.7132,1.7156,591288.0,2021-11-13 08:45:00
248,1636794000000.0,1.7158,1.7218,1.7122,1.7139,673335.0,2021-11-13 09:00:00
249,1636794900000.0,1.7135,1.7159,1.7114,1.7135,875430.0,2021-11-13 09:15:00
250,1636795800000.0,1.7135,1.7155,1.7056,1.7074,1153053.0,2021-11-13 09:30:00
251,1636796700000.0,1.7074,1.7077,1.6973,1.7019,1602241.0,2021-11-13 09:45:00
252,1636797600000.0,1.7018,1.7105,1.7001,1.7104,867358.0,2021-11-13 10:00:00
253,1636798500000.0,1.7104,1.7121,1.7047,1.7054,484441.0,2021-11-13 10:15:00
254,1636799400000.0,1.7053,1.7121,1.7044,1.7116,514839.0,2021-11-13 10:30:00
255,1636800300000.0,1.7117,1.7196,1.7107,1.7193,1070415.0,2021-11-13 10:45:00
256,1636801200000.0,1.7192,1.7212,1.7165,1.72,784650.0,2021-11-13 11:00:00
257,1636802100000.0,1.7197,1.7232,1.7181,1.7203,990308.0,2021-11-13 11:15:00
258,1636803000000.0,1.7204,1.721,1.7116,1.7139,940452.0,2021-11-13 11:30:00
259,1636803900000.0,1.7138,1.7173,1.7118,1.7146,449113.0,2021-11-13 11:45:00
260,1636804800000.0,1.7149,1.7209,1.7121,1.7153,849327.0,2021-11-13 12:00:00
261,1636805700000.0,1.7152,1.717,1.7126,1.7146,534541.0,2021-11-13 12:15:00
262,1636806600000.0,1.7147,1.715,1.7041,1.705,992057.0,2021-11-13 12:30:00
263,1636807500000.0,1.7047,1.7117,1.7029,1.7069,732733.0,2021-11-13 12:45:00
264,1636808400000.0,1.7069,1.7167,1.7049,1.7162,664749.0,2021-11-13 13:00:00
265,1636809300000.0,1.7164,1.7168,1.7099,1.7105,522860.0,2021-11-13 13:15:00
266,1636810200000.0,1.7106,1.7112,1.7057,1.7087,437357.0,2021-11-13 13:30:00
267,1636811100000.0,1.7087,1.7108,1.7046,1.7107,535908.0,2021-11-13 13:45:00
268,1636812000000.0,1.7107,1.7224,1.7098,1.7215,2523059.0,2021-11-13 14:00:00
269,1636812900000.0,1.7215,1.7262,1.718,1.7211,2303011.0,2021-11-13 14:15:00
270,1636813800000.0,1.7212,1.7252,1.7189,1.7198,1955831.0,2021-11-13 14:30:00
271,1636814700000.0,1.7198,1.7338,1.7185,1.7329,2543322.0,2021-11-13 14:45:00
272,1636815600000.0,1.7329,1.7363,1.7272,1.7313,1956926.0,2021-11-13 15:00:00
273,1636816500000.0,1.7312,1.7352,1.7269,1.7332,1036731.0,2021-11-13 15:15:00
274,1636817400000.0,1.7332,1.7416,1.7306,1.7403,1448121.0,2021-11-13 15:30:00
275,1636818300000.0,1.7402,1.7402,1.7336,1.738,1804012.0,2021-11-13 15:45:00
276,1636819200000.0,1.738,1.7458,1.7338,1.7443,1928361.0,2021-11-13 16:00:00
277,1636820100000.0,1.7444,1.746,1.7409,1.7454,1166293.0,2021-11-13 16:15:00
278,1636821000000.0,1.7453,1.7589,1.745,1.7585,2480011.0,2021-11-13 16:30:00
279,1636821900000.0,1.7585,1.7623,1.7474,1.7492,2327314.0,2021-11-13 16:45:00
280,1636822800000.0,1.7493,1.756,1.7481,1.7517,1239562.0,2021-11-13 17:00:00
281,1636823700000.0,1.7516,1.7521,1.7404,1.7483,2055549.0,2021-11-13 17:15:00
282,1636824600000.0,1.7482,1.7548,1.7466,1.7547,1228467.0,2021-11-13 17:30:00
283,1636825500000.0,1.7548,1.7598,1.7535,1.7591,1064205.0,2021-11-13 17:45:00
284,1636826400000.0,1.7591,1.7713,1.7545,1.7667,2359231.0,2021-11-13 18:00:00
285,1636827300000.0,1.7664,1.7667,1.7538,1.7551,1324407.0,2021-11-13 18:15:00
286,1636828200000.0,1.7553,1.7624,1.7368,1.7441,3602379.0,2021-11-13 18:30:00
287,1636829100000.0,1.7443,1.7488,1.7384,1.7455,1730485.0,2021-11-13 18:45:00
288,1636830000000.0,1.7456,1.749,1.7358,1.7382,1431918.0,2021-11-13 19:00:00
289,1636830900000.0,1.738,1.7434,1.737,1.7434,777191.0,2021-11-13 19:15:00
290,1636831800000.0,1.7429,1.7463,1.7403,1.7435,857088.0,2021-11-13 19:30:00
291,1636832700000.0,1.7435,1.7445,1.7377,1.7398,568182.0,2021-11-13 19:45:00
292,1636833600000.0,1.7398,1.7428,1.7387,1.7415,469036.0,2021-11-13 20:00:00
293,1636834500000.0,1.7416,1.7419,1.7373,1.738,633402.0,2021-11-13 20:15:00
294,1636835400000.0,1.738,1.7471,1.7368,1.7432,895931.0,2021-11-13 20:30:00
295,1636836300000.0,1.7434,1.7498,1.743,1.7457,1106545.0,2021-11-13 20:45:00
296,1636837200000.0,1.7457,1.7464,1.7406,1.7415,497058.0,2021-11-13 21:00:00
297,1636838100000.0,1.7414,1.7456,1.7409,1.7444,349925.0,2021-11-13 21:15:00
298,1636839000000.0,1.7445,1.7449,1.7392,1.7414,700190.0,2021-11-13 21:30:00
299,1636839900000.0,1.7413,1.7616,1.7405,1.7616,1531350.0,2021-11-13 21:45:00
300,1636840800000.0,1.7616,1.7702,1.7567,1.7569,2162542.0,2021-11-13 22:00:00
301,1636841700000.0,1.7571,1.7605,1.7484,1.7598,963611.0,2021-11-13 22:15:00
302,1636842600000.0,1.7598,1.7664,1.7593,1.7663,784976.0,2021-11-13 22:30:00
303,1636843500000.0,1.7663,1.7665,1.7557,1.7594,1250307.0,2021-11-13 22:45:00
304,1636844400000.0,1.7594,1.7642,1.7593,1.7625,402566.0,2021-11-13 23:00:00
305,1636845300000.0,1.7625,1.7651,1.7503,1.7513,993066.0,2021-11-13 23:15:00
306,1636846200000.0,1.7517,1.7551,1.7458,1.7546,975689.0,2021-11-13 23:30:00
307,1636847100000.0,1.7546,1.7594,1.751,1.7511,812536.0,2021-11-13 23:45:00
308,1636848000000.0,1.7511,1.7575,1.751,1.7523,1041391.0,2021-11-14 00:00:00
309,1636848900000.0,1.7523,1.7698,1.7523,1.7675,1700747.0,2021-11-14 00:15:00
310,1636849800000.0,1.7675,1.7743,1.7634,1.7743,1488301.0,2021-11-14 00:30:00
311,1636850700000.0,1.7743,1.7758,1.7662,1.7691,1725712.0,2021-11-14 00:45:00
312,1636851600000.0,1.769,1.7704,1.7578,1.7587,1360032.0,2021-11-14 01:00:00
313,1636852500000.0,1.7589,1.7671,1.752,1.7529,1883172.0,2021-11-14 01:15:00
314,1636853400000.0,1.753,1.7568,1.7472,1.7548,2433673.0,2021-11-14 01:30:00
315,1636854300000.0,1.7546,1.7562,1.7481,1.7509,969541.0,2021-11-14 01:45:00
316,1636855200000.0,1.7512,1.7541,1.749,1.7509,685732.0,2021-11-14 02:00:00
317,1636856100000.0,1.751,1.7529,1.7476,1.751,490781.0,2021-11-14 02:15:00
318,1636857000000.0,1.7511,1.7551,1.744,1.7478,1228907.0,2021-11-14 02:30:00
319,1636857900000.0,1.7477,1.7487,1.7443,1.7468,741380.0,2021-11-14 02:45:00
320,1636858800000.0,1.7468,1.7555,1.7459,1.7464,1016410.0,2021-11-14 03:00:00
321,1636859700000.0,1.7464,1.7527,1.7443,1.7482,1093086.0,2021-11-14 03:15:00
322,1636860600000.0,1.7482,1.755,1.7472,1.7476,806564.0,2021-11-14 03:30:00
323,1636861500000.0,1.7473,1.7474,1.7419,1.7435,797675.0,2021-11-14 03:45:00
324,1636862400000.0,1.7435,1.7519,1.7424,1.7487,1562498.0,2021-11-14 04:00:00
325,1636863300000.0,1.7488,1.7513,1.7466,1.7497,573362.0,2021-11-14 04:15:00
326,1636864200000.0,1.7495,1.7535,1.748,1.7485,584007.0,2021-11-14 04:30:00
327,1636865100000.0,1.7484,1.7489,1.7433,1.747,646669.0,2021-11-14 04:45:00
328,1636866000000.0,1.7469,1.7499,1.743,1.7479,638319.0,2021-11-14 05:00:00
329,1636866900000.0,1.7478,1.7517,1.7382,1.7407,1110377.0,2021-11-14 05:15:00
330,1636867800000.0,1.7407,1.7477,1.7399,1.7429,779019.0,2021-11-14 05:30:00
331,1636868700000.0,1.7431,1.75,1.7413,1.7475,838575.0,2021-11-14 05:45:00
332,1636869600000.0,1.7476,1.7528,1.7459,1.7488,924248.0,2021-11-14 06:00:00
333,1636870500000.0,1.7485,1.755,1.7459,1.7534,945817.0,2021-11-14 06:15:00
334,1636871400000.0,1.7533,1.7556,1.749,1.7513,832996.0,2021-11-14 06:30:00
335,1636872300000.0,1.7515,1.7557,1.751,1.7534,625452.0,2021-11-14 06:45:00
336,1636873200000.0,1.7535,1.7559,1.7466,1.7486,1043355.0,2021-11-14 07:00:00
337,1636874100000.0,1.7488,1.7518,1.7461,1.7467,829328.0,2021-11-14 07:15:00
338,1636875000000.0,1.7468,1.747,1.7333,1.7372,1988912.0,2021-11-14 07:30:00
339,1636875900000.0,1.7372,1.7404,1.7311,1.7356,1372110.0,2021-11-14 07:45:00
340,1636876800000.0,1.7355,1.7468,1.7348,1.7398,1422506.0,2021-11-14 08:00:00
341,1636877700000.0,1.7396,1.7403,1.7219,1.7229,3979276.0,2021-11-14 08:15:00
342,1636878600000.0,1.7229,1.7271,1.7183,1.726,1854930.0,2021-11-14 08:30:00
343,1636879500000.0,1.7261,1.7293,1.72,1.7228,915513.0,2021-11-14 08:45:00
344,1636880400000.0,1.7225,1.7238,1.7164,1.7229,1527427.0,2021-11-14 09:00:00
345,1636881300000.0,1.7229,1.7281,1.7214,1.7271,778251.0,2021-11-14 09:15:00
346,1636882200000.0,1.7271,1.7273,1.721,1.7243,741190.0,2021-11-14 09:30:00
347,1636883100000.0,1.7245,1.7269,1.7228,1.7242,397687.0,2021-11-14 09:45:00
348,1636884000000.0,1.7238,1.7277,1.722,1.7264,570036.0,2021-11-14 10:00:00
349,1636884900000.0,1.7266,1.732,1.7261,1.7314,683763.0,2021-11-14 10:15:00
350,1636885800000.0,1.7315,1.7325,1.7265,1.7281,683113.0,2021-11-14 10:30:00
351,1636886700000.0,1.7281,1.7329,1.7274,1.7315,560953.0,2021-11-14 10:45:00
352,1636887600000.0,1.731,1.7311,1.7233,1.7295,670050.0,2021-11-14 11:00:00
353,1636888500000.0,1.7294,1.7352,1.729,1.734,785796.0,2021-11-14 11:15:00
354,1636889400000.0,1.7339,1.7341,1.7294,1.7334,398296.0,2021-11-14 11:30:00
355,1636890300000.0,1.7334,1.7356,1.731,1.7353,551344.0,2021-11-14 11:45:00
356,1636891200000.0,1.7353,1.7367,1.7244,1.7263,1296481.0,2021-11-14 12:00:00
357,1636892100000.0,1.7263,1.7292,1.7224,1.7276,1040033.0,2021-11-14 12:15:00
358,1636893000000.0,1.7275,1.7333,1.7244,1.7318,803246.0,2021-11-14 12:30:00
359,1636893900000.0,1.7319,1.7366,1.73,1.7331,836568.0,2021-11-14 12:45:00
360,1636894800000.0,1.7331,1.7338,1.7282,1.7293,605939.0,2021-11-14 13:00:00
361,1636895700000.0,1.7293,1.7356,1.7279,1.7337,742652.0,2021-11-14 13:15:00
362,1636896600000.0,1.7338,1.7374,1.7311,1.7359,992285.0,2021-11-14 13:30:00
363,1636897500000.0,1.7359,1.7426,1.7354,1.7377,1075610.0,2021-11-14 13:45:00
364,1636898400000.0,1.7377,1.738,1.7315,1.7347,915716.0,2021-11-14 14:00:00
365,1636899300000.0,1.7344,1.7381,1.728,1.7299,787532.0,2021-11-14 14:15:00
366,1636900200000.0,1.7303,1.7313,1.7237,1.724,1137307.0,2021-11-14 14:30:00
367,1636901100000.0,1.7241,1.7309,1.724,1.7281,675478.0,2021-11-14 14:45:00
368,1636902000000.0,1.7281,1.7281,1.7181,1.7193,826192.0,2021-11-14 15:00:00
369,1636902900000.0,1.719,1.7263,1.719,1.7229,748352.0,2021-11-14 15:15:00
370,1636903800000.0,1.7229,1.7262,1.719,1.7228,746635.0,2021-11-14 15:30:00
371,1636904700000.0,1.7224,1.7245,1.7134,1.715,1122735.0,2021-11-14 15:45:00
372,1636905600000.0,1.715,1.7151,1.705,1.7099,2607453.0,2021-11-14 16:00:00
373,1636906500000.0,1.7099,1.7159,1.7081,1.7106,819817.0,2021-11-14 16:15:00
374,1636907400000.0,1.7105,1.7128,1.6986,1.7001,2090227.0,2021-11-14 16:30:00
375,1636908300000.0,1.7002,1.7029,1.6875,1.6909,3129785.0,2021-11-14 16:45:00
376,1636909200000.0,1.6909,1.7008,1.6887,1.6955,1351595.0,2021-11-14 17:00:00
377,1636910100000.0,1.6953,1.6999,1.6925,1.698,1733976.0,2021-11-14 17:15:00
378,1636911000000.0,1.698,1.6989,1.6899,1.6952,826355.0,2021-11-14 17:30:00
379,1636911900000.0,1.6952,1.7077,1.695,1.7054,1633276.0,2021-11-14 17:45:00
380,1636912800000.0,1.7054,1.7107,1.703,1.7056,1256375.0,2021-11-14 18:00:00
381,1636913700000.0,1.7057,1.7082,1.6979,1.7023,1231397.0,2021-11-14 18:15:00
382,1636914600000.0,1.7023,1.7073,1.7011,1.7042,612268.0,2021-11-14 18:30:00
383,1636915500000.0,1.7043,1.7091,1.7015,1.7045,858961.0,2021-11-14 18:45:00
384,1636916400000.0,1.7046,1.7059,1.6972,1.6976,659767.0,2021-11-14 19:00:00
385,1636917300000.0,1.6975,1.7059,1.6973,1.7035,584463.0,2021-11-14 19:15:00
386,1636918200000.0,1.7034,1.7067,1.6979,1.7003,1275061.0,2021-11-14 19:30:00
387,1636919100000.0,1.7003,1.7128,1.6974,1.7114,1279508.0,2021-11-14 19:45:00
388,1636920000000.0,1.7114,1.7156,1.7081,1.7128,976304.0,2021-11-14 20:00:00
389,1636920900000.0,1.7128,1.7158,1.7113,1.7128,551116.0,2021-11-14 20:15:00
390,1636921800000.0,1.7126,1.7131,1.707,1.7105,610110.0,2021-11-14 20:30:00
391,1636922700000.0,1.7104,1.715,1.7081,1.7131,661462.0,2021-11-14 20:45:00
392,1636923600000.0,1.713,1.7187,1.7096,1.7186,774045.0,2021-11-14 21:00:00
393,1636924500000.0,1.7186,1.7189,1.7138,1.7153,594361.0,2021-11-14 21:15:00
394,1636925400000.0,1.7151,1.722,1.7142,1.7204,1124568.0,2021-11-14 21:30:00
395,1636926300000.0,1.7205,1.7216,1.7169,1.7184,450662.0,2021-11-14 21:45:00
396,1636927200000.0,1.7184,1.7242,1.7171,1.722,766461.0,2021-11-14 22:00:00
397,1636928100000.0,1.722,1.7243,1.7203,1.7226,571007.0,2021-11-14 22:15:00
398,1636929000000.0,1.7228,1.7245,1.7214,1.7228,303594.0,2021-11-14 22:30:00
399,1636929900000.0,1.7227,1.7231,1.7178,1.7211,609685.0,2021-11-14 22:45:00
400,1636930800000.0,1.7211,1.7231,1.7157,1.7226,980439.0,2021-11-14 23:00:00
401,1636931700000.0,1.7226,1.7231,1.7166,1.7216,553331.0,2021-11-14 23:15:00
402,1636932600000.0,1.7216,1.7255,1.7182,1.7243,664778.0,2021-11-14 23:30:00
403,1636933500000.0,1.7241,1.7314,1.7227,1.7299,1564745.0,2021-11-14 23:45:00
404,1636934400000.0,1.7302,1.74,1.73,1.7375,2238765.0,2021-11-15 00:00:00
405,1636935300000.0,1.7373,1.7449,1.731,1.7326,2392411.0,2021-11-15 00:15:00
406,1636936200000.0,1.7327,1.7404,1.7327,1.736,1350395.0,2021-11-15 00:30:00
407,1636937100000.0,1.7359,1.749,1.7359,1.7453,1537462.0,2021-11-15 00:45:00
408,1636938000000.0,1.7453,1.749,1.7359,1.7387,1142479.0,2021-11-15 01:00:00
409,1636938900000.0,1.7388,1.7397,1.7271,1.7327,1204148.0,2021-11-15 01:15:00
410,1636939800000.0,1.7328,1.7404,1.7328,1.7365,919030.0,2021-11-15 01:30:00
411,1636940700000.0,1.7366,1.7443,1.7338,1.7428,1042591.0,2021-11-15 01:45:00
412,1636941600000.0,1.7431,1.7452,1.7386,1.7393,740865.0,2021-11-15 02:00:00
413,1636942500000.0,1.7391,1.7409,1.7326,1.7347,611666.0,2021-11-15 02:15:00
414,1636943400000.0,1.7346,1.736,1.7306,1.7351,740065.0,2021-11-15 02:30:00
415,1636944300000.0,1.7348,1.7352,1.7294,1.7306,634712.0,2021-11-15 02:45:00
416,1636945200000.0,1.7305,1.7315,1.7258,1.7285,667475.0,2021-11-15 03:00:00
417,1636946100000.0,1.7285,1.7286,1.7188,1.7201,1318694.0,2021-11-15 03:15:00
418,1636947000000.0,1.7202,1.7287,1.7202,1.7275,773983.0,2021-11-15 03:30:00
419,1636947900000.0,1.7274,1.7282,1.7217,1.724,594432.0,2021-11-15 03:45:00
420,1636948800000.0,1.724,1.728,1.7238,1.7257,502576.0,2021-11-15 04:00:00
421,1636949700000.0,1.7257,1.7268,1.7203,1.7244,662393.0,2021-11-15 04:15:00
422,1636950600000.0,1.7245,1.7253,1.7213,1.7233,535122.0,2021-11-15 04:30:00
423,1636951500000.0,1.7234,1.7304,1.7234,1.7289,737057.0,2021-11-15 04:45:00
424,1636952400000.0,1.7288,1.7324,1.7286,1.7311,590521.0,2021-11-15 05:00:00
425,1636953300000.0,1.7309,1.732,1.7286,1.732,649025.0,2021-11-15 05:15:00
426,1636954200000.0,1.7319,1.7343,1.7287,1.7318,856037.0,2021-11-15 05:30:00
427,1636955100000.0,1.7316,1.7317,1.7242,1.7246,777876.0,2021-11-15 05:45:00
428,1636956000000.0,1.7246,1.7313,1.7231,1.7311,616164.0,2021-11-15 06:00:00
429,1636956900000.0,1.7311,1.7356,1.7287,1.7353,650192.0,2021-11-15 06:15:00
430,1636957800000.0,1.7354,1.7379,1.7342,1.735,743035.0,2021-11-15 06:30:00
431,1636958700000.0,1.735,1.737,1.732,1.7339,687794.0,2021-11-15 06:45:00
432,1636959600000.0,1.7339,1.7381,1.7303,1.7357,770227.0,2021-11-15 07:00:00
433,1636960500000.0,1.7355,1.7356,1.7305,1.7305,379904.0,2021-11-15 07:15:00
434,1636961400000.0,1.7306,1.7339,1.7273,1.7281,876194.0,2021-11-15 07:30:00
435,1636962300000.0,1.7282,1.7323,1.7275,1.731,477363.0,2021-11-15 07:45:00
436,1636963200000.0,1.731,1.7353,1.7227,1.7247,1378175.0,2021-11-15 08:00:00
437,1636964100000.0,1.7248,1.7248,1.7197,1.7229,892080.0,2021-11-15 08:15:00
438,1636965000000.0,1.7229,1.7334,1.7212,1.7322,1071014.0,2021-11-15 08:30:00
439,1636965900000.0,1.7321,1.7446,1.7306,1.7443,1629045.0,2021-11-15 08:45:00
440,1636966800000.0,1.7442,1.7526,1.7386,1.7523,2962386.0,2021-11-15 09:00:00
441,1636967700000.0,1.7522,1.7637,1.7454,1.7597,3230843.0,2021-11-15 09:15:00
442,1636968600000.0,1.7597,1.7632,1.754,1.7566,3010448.0,2021-11-15 09:30:00
443,1636969500000.0,1.7568,1.769,1.7558,1.7578,2840725.0,2021-11-15 09:45:00
444,1636970400000.0,1.758,1.7594,1.7502,1.7534,2358994.0,2021-11-15 10:00:00
445,1636971300000.0,1.7535,1.7598,1.7514,1.752,1137718.0,2021-11-15 10:15:00
446,1636972200000.0,1.752,1.755,1.7516,1.7532,657719.0,2021-11-15 10:30:00
447,1636973100000.0,1.7531,1.7599,1.753,1.7564,699646.0,2021-11-15 10:45:00
448,1636974000000.0,1.7563,1.7589,1.7538,1.7545,696384.0,2021-11-15 11:00:00
449,1636974900000.0,1.7545,1.7566,1.7521,1.7529,546070.0,2021-11-15 11:15:00
450,1636975800000.0,1.7529,1.7553,1.75,1.7531,850656.0,2021-11-15 11:30:00
451,1636976700000.0,1.7532,1.7536,1.7501,1.7511,829712.0,2021-11-15 11:45:00
452,1636977600000.0,1.751,1.7533,1.7452,1.7488,2312029.0,2021-11-15 12:00:00
453,1636978500000.0,1.7487,1.7512,1.7425,1.7488,1113922.0,2021-11-15 12:15:00
454,1636979400000.0,1.7486,1.7528,1.7471,1.7507,886186.0,2021-11-15 12:30:00
455,1636980300000.0,1.7508,1.7524,1.7465,1.7472,754597.0,2021-11-15 12:45:00
456,1636981200000.0,1.7467,1.7539,1.7462,1.7538,768665.0,2021-11-15 13:00:00
457,1636982100000.0,1.7539,1.754,1.7472,1.7478,761112.0,2021-11-15 13:15:00
458,1636983000000.0,1.7478,1.7504,1.7381,1.7431,1598622.0,2021-11-15 13:30:00
459,1636983900000.0,1.7432,1.754,1.7406,1.751,1484291.0,2021-11-15 13:45:00
460,1636984800000.0,1.751,1.7524,1.74,1.743,1378238.0,2021-11-15 14:00:00
461,1636985700000.0,1.7432,1.7451,1.7305,1.7355,2623948.0,2021-11-15 14:15:00
462,1636986600000.0,1.7355,1.7387,1.726,1.736,2909288.0,2021-11-15 14:30:00
463,1636987500000.0,1.7356,1.7357,1.7275,1.729,1646340.0,2021-11-15 14:45:00
464,1636988400000.0,1.729,1.73,1.7175,1.7251,2919634.0,2021-11-15 15:00:00
465,1636989300000.0,1.7251,1.7318,1.7219,1.7261,1421737.0,2021-11-15 15:15:00
466,1636990200000.0,1.7261,1.7321,1.7208,1.721,1012764.0,2021-11-15 15:30:00
467,1636991100000.0,1.7212,1.73,1.7176,1.7254,1366818.0,2021-11-15 15:45:00
468,1636992000000.0,1.7252,1.7321,1.7194,1.7238,2346847.0,2021-11-15 16:00:00
469,1636992900000.0,1.7237,1.7275,1.713,1.7155,1787525.0,2021-11-15 16:15:00
470,1636993800000.0,1.7154,1.7261,1.7132,1.7169,1501383.0,2021-11-15 16:30:00
471,1636994700000.0,1.717,1.7236,1.7125,1.7236,900164.0,2021-11-15 16:45:00
472,1636995600000.0,1.7235,1.7309,1.7219,1.7293,1307936.0,2021-11-15 17:00:00
473,1636996500000.0,1.7292,1.7317,1.7221,1.7248,980844.0,2021-11-15 17:15:00
474,1636997400000.0,1.7246,1.7374,1.7239,1.7327,2073293.0,2021-11-15 17:30:00
475,1636998300000.0,1.7325,1.736,1.7237,1.7243,864712.0,2021-11-15 17:45:00
476,1636999200000.0,1.7242,1.7257,1.7189,1.7199,998330.0,2021-11-15 18:00:00
477,1637000100000.0,1.7197,1.7248,1.7154,1.7196,1111317.0,2021-11-15 18:15:00
478,1637001000000.0,1.7193,1.721,1.7108,1.713,1050475.0,2021-11-15 18:30:00
479,1637001900000.0,1.713,1.7157,1.7058,1.7132,1578255.0,2021-11-15 18:45:00
480,1637002800000.0,1.7132,1.7175,1.7062,1.7171,1042089.0,2021-11-15 19:00:00
481,1637003700000.0,1.717,1.7194,1.7108,1.7168,798555.0,2021-11-15 19:15:00
482,1637004600000.0,1.7167,1.7224,1.715,1.7208,535997.0,2021-11-15 19:30:00
483,1637005500000.0,1.7204,1.7252,1.715,1.7219,1191009.0,2021-11-15 19:45:00
484,1637006400000.0,1.7218,1.7218,1.708,1.7118,1611645.0,2021-11-15 20:00:00
485,1637007300000.0,1.7117,1.7117,1.7019,1.7019,1208693.0,2021-11-15 20:15:00
486,1637008200000.0,1.7019,1.7049,1.6971,1.6995,1835990.0,2021-11-15 20:30:00
487,1637009100000.0,1.6992,1.7079,1.6979,1.7002,1054345.0,2021-11-15 20:45:00
488,1637010000000.0,1.7001,1.7055,1.6872,1.7019,2621401.0,2021-11-15 21:00:00
489,1637010900000.0,1.7019,1.7068,1.6992,1.7013,889772.0,2021-11-15 21:15:00
490,1637011800000.0,1.7017,1.7075,1.7008,1.7067,623184.0,2021-11-15 21:30:00
491,1637012700000.0,1.7067,1.7128,1.7053,1.7096,561432.0,2021-11-15 21:45:00
492,1637013600000.0,1.7096,1.7096,1.6994,1.7002,532094.0,2021-11-15 22:00:00
493,1637014500000.0,1.7003,1.7015,1.6944,1.7001,939632.0,2021-11-15 22:15:00
494,1637015400000.0,1.6998,1.703,1.6986,1.7028,357445.0,2021-11-15 22:30:00
495,1637016300000.0,1.7028,1.7076,1.7023,1.7064,484576.0,2021-11-15 22:45:00
496,1637017200000.0,1.7064,1.7067,1.7012,1.7021,513009.0,2021-11-15 23:00:00
497,1637018100000.0,1.7024,1.7054,1.696,1.697,597553.0,2021-11-15 23:15:00
498,1637019000000.0,1.6965,1.702,1.6953,1.7014,629614.0,2021-11-15 23:30:00
499,1637019900000.0,1.7014,1.7014,1.6908,1.6947,908668.0,2021-11-15 23:45:00
500,1637020800000.0,1.6946,1.6957,1.6402,1.6544,10282664.0,2021-11-16 00:00:00
501,1637021700000.0,1.6545,1.6614,1.6422,1.6473,3542176.0,2021-11-16 00:15:00
502,1637022600000.0,1.6473,1.6589,1.6434,1.6556,2869983.0,2021-11-16 00:30:00
503,1637023500000.0,1.6555,1.6634,1.6372,1.6401,2714362.0,2021-11-16 00:45:00
504,1637024400000.0,1.6401,1.6441,1.5686,1.6168,16502155.0,2021-11-16 01:00:00
505,1637025300000.0,1.6163,1.623,1.602,1.6086,5009335.0,2021-11-16 01:15:00
506,1637026200000.0,1.609,1.6218,1.5913,1.6216,3142512.0,2021-11-16 01:30:00
507,1637027100000.0,1.6214,1.6268,1.619,1.6215,2606357.0,2021-11-16 01:45:00
508,1637028000000.0,1.6215,1.6236,1.6105,1.6202,2396887.0,2021-11-16 02:00:00
509,1637028900000.0,1.62,1.6231,1.6157,1.6162,1969193.0,2021-11-16 02:15:00
510,1637029800000.0,1.6162,1.6169,1.6069,1.6108,1486112.0,2021-11-16 02:30:00
511,1637030700000.0,1.6106,1.6171,1.5967,1.6017,2396709.0,2021-11-16 02:45:00
512,1637031600000.0,1.6017,1.6123,1.5935,1.6123,2418029.0,2021-11-16 03:00:00
513,1637032500000.0,1.6123,1.6123,1.5769,1.5891,4160636.0,2021-11-16 03:15:00
514,1637033400000.0,1.5885,1.6019,1.5686,1.5809,4618127.0,2021-11-16 03:30:00
515,1637034300000.0,1.5809,1.6005,1.5721,1.5892,2743672.0,2021-11-16 03:45:00
516,1637035200000.0,1.5891,1.595,1.5656,1.5686,3685962.0,2021-11-16 04:00:00
517,1637036100000.0,1.5691,1.5971,1.563,1.5946,4225865.0,2021-11-16 04:15:00
518,1637037000000.0,1.5946,1.605,1.5916,1.6047,3076572.0,2021-11-16 04:30:00
519,1637037900000.0,1.6046,1.6062,1.5977,1.6012,1712831.0,2021-11-16 04:45:00
520,1637038800000.0,1.601,1.6056,1.5972,1.6018,1832895.0,2021-11-16 05:00:00
521,1637039700000.0,1.6018,1.6085,1.6014,1.6078,1593118.0,2021-11-16 05:15:00
522,1637040600000.0,1.6078,1.6156,1.601,1.6118,2738822.0,2021-11-16 05:30:00
523,1637041500000.0,1.6116,1.6116,1.5988,1.6021,1441491.0,2021-11-16 05:45:00
524,1637042400000.0,1.6021,1.6055,1.5933,1.6024,1842232.0,2021-11-16 06:00:00
525,1637043300000.0,1.6025,1.6027,1.5855,1.5875,2622353.0,2021-11-16 06:15:00
526,1637044200000.0,1.5876,1.6009,1.5861,1.5939,1901651.0,2021-11-16 06:30:00
527,1637045100000.0,1.5941,1.602,1.5941,1.5995,1572433.0,2021-11-16 06:45:00
528,1637046000000.0,1.5996,1.6041,1.5928,1.5969,1912875.0,2021-11-16 07:00:00
529,1637046900000.0,1.5969,1.6013,1.5921,1.5978,1096524.0,2021-11-16 07:15:00
530,1637047800000.0,1.5979,1.6034,1.5881,1.5928,1274993.0,2021-11-16 07:30:00
531,1637048700000.0,1.5928,1.6008,1.5905,1.6008,1615810.0,2021-11-16 07:45:00
532,1637049600000.0,1.6004,1.6098,1.5946,1.5951,3289522.0,2021-11-16 08:00:00
533,1637050500000.0,1.5956,1.6012,1.59,1.5951,1239298.0,2021-11-16 08:15:00
534,1637051400000.0,1.5949,1.6064,1.5941,1.6045,1404010.0,2021-11-16 08:30:00
535,1637052300000.0,1.6045,1.6048,1.5966,1.6033,1090466.0,2021-11-16 08:45:00
536,1637053200000.0,1.6031,1.612,1.5953,1.5979,2074941.0,2021-11-16 09:00:00
537,1637054100000.0,1.5979,1.598,1.5856,1.5929,1621895.0,2021-11-16 09:15:00
538,1637055000000.0,1.593,1.5934,1.5764,1.5803,2608663.0,2021-11-16 09:30:00
539,1637055900000.0,1.5801,1.5854,1.5673,1.5682,2969704.0,2021-11-16 09:45:00
540,1637056800000.0,1.568,1.5712,1.4465,1.471,28337570.0,2021-11-16 10:00:00
541,1637057700000.0,1.4707,1.5057,1.4679,1.4972,12880840.0,2021-11-16 10:15:00
542,1637058600000.0,1.4971,1.5289,1.4829,1.5275,6615971.0,2021-11-16 10:30:00
543,1637059500000.0,1.5276,1.5406,1.5214,1.5387,3739132.0,2021-11-16 10:45:00
544,1637060400000.0,1.5384,1.5566,1.5344,1.5537,5315474.0,2021-11-16 11:00:00
545,1637061300000.0,1.5537,1.5586,1.547,1.5585,2438644.0,2021-11-16 11:15:00
546,1637062200000.0,1.5584,1.5623,1.5486,1.5512,2657804.0,2021-11-16 11:30:00
547,1637063100000.0,1.5512,1.5628,1.55,1.5623,2272660.0,2021-11-16 11:45:00
548,1637064000000.0,1.5624,1.5657,1.5499,1.562,4711579.0,2021-11-16 12:00:00
549,1637064900000.0,1.562,1.5634,1.5556,1.5568,1759566.0,2021-11-16 12:15:00
550,1637065800000.0,1.5568,1.5599,1.5494,1.5523,1861326.0,2021-11-16 12:30:00
551,1637066700000.0,1.5519,1.5561,1.5352,1.5377,3409231.0,2021-11-16 12:45:00
552,1637067600000.0,1.5378,1.5512,1.5373,1.5427,2647933.0,2021-11-16 13:00:00
553,1637068500000.0,1.5424,1.5565,1.5419,1.5493,2268060.0,2021-11-16 13:15:00
554,1637069400000.0,1.5493,1.5654,1.5439,1.5641,2389961.0,2021-11-16 13:30:00
555,1637070300000.0,1.5644,1.567,1.5578,1.5629,1897730.0,2021-11-16 13:45:00
556,1637071200000.0,1.5629,1.5878,1.5597,1.5761,6043164.0,2021-11-16 14:00:00
557,1637072100000.0,1.5762,1.5908,1.5749,1.5872,2386157.0,2021-11-16 14:15:00
558,1637073000000.0,1.5872,1.6,1.5834,1.5996,3478666.0,2021-11-16 14:30:00
559,1637073900000.0,1.5997,1.6089,1.5912,1.5962,4046577.0,2021-11-16 14:45:00
560,1637074800000.0,1.5961,1.6028,1.5897,1.6014,2934479.0,2021-11-16 15:00:00
561,1637075700000.0,1.6012,1.6239,1.5997,1.6179,6485230.0,2021-11-16 15:15:00
562,1637076600000.0,1.6178,1.6234,1.6011,1.6041,2793463.0,2021-11-16 15:30:00
563,1637077500000.0,1.6042,1.6099,1.5939,1.5985,2439991.0,2021-11-16 15:45:00
564,1637078400000.0,1.5983,1.6086,1.5897,1.5967,3902521.0,2021-11-16 16:00:00
565,1637079300000.0,1.5968,1.6068,1.5914,1.593,1515270.0,2021-11-16 16:15:00
566,1637080200000.0,1.593,1.5988,1.5879,1.5938,1239360.0,2021-11-16 16:30:00
567,1637081100000.0,1.5937,1.6061,1.5915,1.5977,2690678.0,2021-11-16 16:45:00
568,1637082000000.0,1.5978,1.6047,1.5934,1.5983,2040520.0,2021-11-16 17:00:00
569,1637082900000.0,1.5982,1.6004,1.5887,1.5915,1242086.0,2021-11-16 17:15:00
570,1637083800000.0,1.5915,1.5961,1.579,1.5861,4648813.0,2021-11-16 17:30:00
571,1637084700000.0,1.5859,1.5883,1.5805,1.5807,1343724.0,2021-11-16 17:45:00
572,1637085600000.0,1.5806,1.5873,1.5806,1.5836,1072076.0,2021-11-16 18:00:00
573,1637086500000.0,1.5836,1.5853,1.5651,1.5667,3522468.0,2021-11-16 18:15:00
574,1637087400000.0,1.5668,1.5797,1.5631,1.5665,3350830.0,2021-11-16 18:30:00
575,1637088300000.0,1.5666,1.5732,1.5597,1.561,2093866.0,2021-11-16 18:45:00
576,1637089200000.0,1.5615,1.5872,1.5583,1.5771,3762659.0,2021-11-16 19:00:00
577,1637090100000.0,1.577,1.5802,1.5726,1.5783,1222859.0,2021-11-16 19:15:00
578,1637091000000.0,1.5784,1.5842,1.5667,1.5717,2351914.0,2021-11-16 19:30:00
579,1637091900000.0,1.5715,1.5755,1.5557,1.5733,2810657.0,2021-11-16 19:45:00
580,1637092800000.0,1.5732,1.5741,1.5585,1.5624,2440272.0,2021-11-16 20:00:00
581,1637093700000.0,1.5623,1.5628,1.545,1.5469,3309733.0,2021-11-16 20:15:00
582,1637094600000.0,1.5469,1.5504,1.52,1.5254,6015175.0,2021-11-16 20:30:00
583,1637095500000.0,1.5259,1.5399,1.5162,1.5384,3930667.0,2021-11-16 20:45:00
584,1637096400000.0,1.5383,1.5634,1.5357,1.563,3854494.0,2021-11-16 21:00:00
585,1637097300000.0,1.5633,1.5717,1.5594,1.5621,3335316.0,2021-11-16 21:15:00
586,1637098200000.0,1.5621,1.571,1.5606,1.5657,1525470.0,2021-11-16 21:30:00
587,1637099100000.0,1.5655,1.5689,1.5605,1.5669,1395598.0,2021-11-16 21:45:00
588,1637100000000.0,1.567,1.5846,1.5668,1.5808,2964071.0,2021-11-16 22:00:00
589,1637100900000.0,1.581,1.5815,1.5721,1.5744,1457270.0,2021-11-16 22:15:00
590,1637101800000.0,1.5747,1.5825,1.5676,1.5793,1254782.0,2021-11-16 22:30:00
591,1637102700000.0,1.5792,1.5824,1.5746,1.5791,782061.0,2021-11-16 22:45:00
592,1637103600000.0,1.579,1.5813,1.5703,1.5724,958729.0,2021-11-16 23:00:00
593,1637104500000.0,1.572,1.5772,1.5698,1.5747,938027.0,2021-11-16 23:15:00
594,1637105400000.0,1.5748,1.5773,1.5656,1.5707,861079.0,2021-11-16 23:30:00
595,1637106300000.0,1.5707,1.5722,1.5589,1.5596,1007698.0,2021-11-16 23:45:00
596,1637107200000.0,1.5598,1.5833,1.557,1.5746,3042735.0,2021-11-17 00:00:00
597,1637108100000.0,1.5747,1.5808,1.557,1.5586,2050367.0,2021-11-17 00:15:00
598,1637109000000.0,1.5582,1.57,1.5522,1.5542,1463829.0,2021-11-17 00:30:00
599,1637109900000.0,1.5542,1.5581,1.5477,1.5515,1591555.0,2021-11-17 00:45:00
600,1637110800000.0,1.5517,1.5593,1.5448,1.5546,1789532.0,2021-11-17 01:00:00
601,1637111700000.0,1.5548,1.5715,1.5512,1.5698,1809063.0,2021-11-17 01:15:00
602,1637112600000.0,1.5698,1.575,1.5638,1.5677,1887908.0,2021-11-17 01:30:00
603,1637113500000.0,1.5677,1.5698,1.5363,1.5389,2487948.0,2021-11-17 01:45:00
604,1637114400000.0,1.5388,1.5429,1.5295,1.5341,1751267.0,2021-11-17 02:00:00
605,1637115300000.0,1.534,1.5464,1.5299,1.5415,1245504.0,2021-11-17 02:15:00
606,1637116200000.0,1.5415,1.5456,1.5295,1.5304,997470.0,2021-11-17 02:30:00
607,1637117100000.0,1.5305,1.534,1.5204,1.5246,1567488.0,2021-11-17 02:45:00
608,1637118000000.0,1.5247,1.5342,1.5026,1.5041,3418542.0,2021-11-17 03:00:00
609,1637118900000.0,1.5039,1.5319,1.4946,1.5311,4301981.0,2021-11-17 03:15:00
610,1637119800000.0,1.531,1.5384,1.5204,1.5244,2870722.0,2021-11-17 03:30:00
611,1637120700000.0,1.5245,1.5299,1.5062,1.5073,1921274.0,2021-11-17 03:45:00
612,1637121600000.0,1.5076,1.5123,1.4934,1.4934,2301931.0,2021-11-17 04:00:00
613,1637122500000.0,1.4934,1.5189,1.4874,1.5183,2653264.0,2021-11-17 04:15:00
614,1637123400000.0,1.5183,1.5225,1.5072,1.5106,1926644.0,2021-11-17 04:30:00
615,1637124300000.0,1.5108,1.5141,1.4953,1.5141,1792090.0,2021-11-17 04:45:00
616,1637125200000.0,1.514,1.5215,1.5066,1.516,1595030.0,2021-11-17 05:00:00
617,1637126100000.0,1.5159,1.5255,1.5133,1.5145,1361479.0,2021-11-17 05:15:00
618,1637127000000.0,1.5144,1.5276,1.5137,1.5241,1107240.0,2021-11-17 05:30:00
619,1637127900000.0,1.524,1.5306,1.519,1.5248,1714939.0,2021-11-17 05:45:00
620,1637128800000.0,1.5245,1.527,1.5128,1.5156,1515262.0,2021-11-17 06:00:00
621,1637129700000.0,1.5155,1.5197,1.5082,1.5168,1678100.0,2021-11-17 06:15:00
622,1637130600000.0,1.517,1.5292,1.5166,1.5252,1448951.0,2021-11-17 06:30:00
623,1637131500000.0,1.5251,1.5251,1.5103,1.5209,1567678.0,2021-11-17 06:45:00
624,1637132400000.0,1.5215,1.5295,1.5124,1.5131,1432855.0,2021-11-17 07:00:00
625,1637133300000.0,1.5132,1.5168,1.5073,1.5125,1288858.0,2021-11-17 07:15:00
626,1637134200000.0,1.5126,1.5394,1.5126,1.5375,2214756.0,2021-11-17 07:30:00
627,1637135100000.0,1.5375,1.5489,1.5328,1.5328,2992209.0,2021-11-17 07:45:00
628,1637136000000.0,1.5327,1.5419,1.5295,1.5402,1963237.0,2021-11-17 08:00:00
629,1637136900000.0,1.5402,1.5477,1.5363,1.5375,1358946.0,2021-11-17 08:15:00
630,1637137800000.0,1.5374,1.5394,1.5319,1.5347,973464.0,2021-11-17 08:30:00
631,1637138700000.0,1.5347,1.5421,1.528,1.5282,1316303.0,2021-11-17 08:45:00
632,1637139600000.0,1.5282,1.5282,1.5177,1.5185,1430216.0,2021-11-17 09:00:00
633,1637140500000.0,1.5185,1.5285,1.5128,1.5137,1729878.0,2021-11-17 09:15:00
634,1637141400000.0,1.5137,1.5188,1.508,1.5172,1326308.0,2021-11-17 09:30:00
635,1637142300000.0,1.5172,1.5192,1.498,1.5017,2655127.0,2021-11-17 09:45:00
636,1637143200000.0,1.5017,1.5133,1.5017,1.5088,1731384.0,2021-11-17 10:00:00
637,1637144100000.0,1.5087,1.5207,1.5078,1.5174,1323858.0,2021-11-17 10:15:00
638,1637145000000.0,1.5175,1.539,1.4986,1.5328,5586495.0,2021-11-17 10:30:00
639,1637145900000.0,1.5325,1.5633,1.5246,1.5604,4335011.0,2021-11-17 10:45:00
640,1637146800000.0,1.5606,1.5655,1.5498,1.5634,3274058.0,2021-11-17 11:00:00
641,1637147700000.0,1.5633,1.5739,1.5594,1.5695,2561377.0,2021-11-17 11:15:00
642,1637148600000.0,1.5695,1.5721,1.5626,1.5714,1546148.0,2021-11-17 11:30:00
643,1637149500000.0,1.5714,1.5841,1.569,1.5818,1760531.0,2021-11-17 11:45:00
644,1637150400000.0,1.5812,1.5911,1.575,1.5844,2959912.0,2021-11-17 12:00:00
645,1637151300000.0,1.5845,1.5863,1.579,1.5829,1418278.0,2021-11-17 12:15:00
646,1637152200000.0,1.5826,1.5968,1.5811,1.5895,2211388.0,2021-11-17 12:30:00
647,1637153100000.0,1.5895,1.5912,1.5839,1.5851,1442798.0,2021-11-17 12:45:00
648,1637154000000.0,1.5851,1.5918,1.581,1.5848,1569958.0,2021-11-17 13:00:00
649,1637154900000.0,1.5848,1.5871,1.575,1.5788,1864054.0,2021-11-17 13:15:00
650,1637155800000.0,1.5788,1.5863,1.5748,1.5788,1486186.0,2021-11-17 13:30:00
651,1637156700000.0,1.5783,1.5828,1.5727,1.5731,1360252.0,2021-11-17 13:45:00
652,1637157600000.0,1.5731,1.5807,1.5706,1.5708,1193619.0,2021-11-17 14:00:00
653,1637158500000.0,1.5712,1.5746,1.5633,1.5732,2164844.0,2021-11-17 14:15:00
654,1637159400000.0,1.5733,1.5738,1.5572,1.5603,2147564.0,2021-11-17 14:30:00
655,1637160300000.0,1.56,1.5631,1.5508,1.5508,1850587.0,2021-11-17 14:45:00
656,1637161200000.0,1.5508,1.556,1.5476,1.5482,1960021.0,2021-11-17 15:00:00
657,1637162100000.0,1.5481,1.5528,1.5349,1.5393,2423265.0,2021-11-17 15:15:00
658,1637163000000.0,1.5394,1.5518,1.5366,1.5488,1926004.0,2021-11-17 15:30:00
659,1637163900000.0,1.5491,1.5886,1.5485,1.5851,6965110.0,2021-11-17 15:45:00
660,1637164800000.0,1.5848,1.587,1.5617,1.5849,3391560.0,2021-11-17 16:00:00
661,1637165700000.0,1.5849,1.5868,1.5733,1.5818,2661978.0,2021-11-17 16:15:00
662,1637166600000.0,1.5818,1.5938,1.58,1.5928,2607776.0,2021-11-17 16:30:00
663,1637167500000.0,1.5927,1.599,1.588,1.5978,2308230.0,2021-11-17 16:45:00
664,1637168400000.0,1.5977,1.5992,1.5842,1.5858,1954685.0,2021-11-17 17:00:00
665,1637169300000.0,1.5858,1.5954,1.5828,1.5851,1579737.0,2021-11-17 17:15:00
666,1637170200000.0,1.585,1.6097,1.5831,1.6056,2952101.0,2021-11-17 17:30:00
667,1637171100000.0,1.6055,1.6376,1.6047,1.6282,5709631.0,2021-11-17 17:45:00
668,1637172000000.0,1.6286,1.6524,1.6286,1.649,5467089.0,2021-11-17 18:00:00
669,1637172900000.0,1.6491,1.6658,1.64,1.6611,4244858.0,2021-11-17 18:15:00
670,1637173800000.0,1.661,1.673,1.6491,1.6605,5520796.0,2021-11-17 18:30:00
671,1637174700000.0,1.6604,1.6669,1.6472,1.6485,3670237.0,2021-11-17 18:45:00
672,1637175600000.0,1.6485,1.6569,1.642,1.6452,2716001.0,2021-11-17 19:00:00
673,1637176500000.0,1.6451,1.6457,1.6377,1.6411,2486602.0,2021-11-17 19:15:00
674,1637177400000.0,1.6409,1.6445,1.6341,1.6361,1739719.0,2021-11-17 19:30:00
675,1637178300000.0,1.6361,1.64,1.6269,1.6318,2036624.0,2021-11-17 19:45:00
676,1637179200000.0,1.6318,1.6389,1.6282,1.6295,1823256.0,2021-11-17 20:00:00
677,1637180100000.0,1.6297,1.6327,1.6222,1.6277,1445745.0,2021-11-17 20:15:00
678,1637181000000.0,1.6277,1.6485,1.625,1.6465,2504775.0,2021-11-17 20:30:00
679,1637181900000.0,1.6463,1.6479,1.6358,1.6458,1376330.0,2021-11-17 20:45:00
680,1637182800000.0,1.6458,1.6471,1.6271,1.6327,1892626.0,2021-11-17 21:00:00
681,1637183700000.0,1.6328,1.6357,1.6158,1.6194,2985875.0,2021-11-17 21:15:00
682,1637184600000.0,1.6196,1.6319,1.6195,1.6268,1220523.0,2021-11-17 21:30:00
683,1637185500000.0,1.6268,1.6354,1.6253,1.6339,1051453.0,2021-11-17 21:45:00
684,1637186400000.0,1.6341,1.6356,1.6261,1.6319,830584.0,2021-11-17 22:00:00
685,1637187300000.0,1.6318,1.6318,1.6167,1.6179,1021840.0,2021-11-17 22:15:00
686,1637188200000.0,1.6179,1.6242,1.6107,1.6215,975133.0,2021-11-17 22:30:00
687,1637189100000.0,1.6216,1.6224,1.6127,1.6169,852085.0,2021-11-17 22:45:00
688,1637190000000.0,1.6169,1.6287,1.6169,1.6205,1118272.0,2021-11-17 23:00:00
689,1637190900000.0,1.6208,1.6344,1.6186,1.6338,1232887.0,2021-11-17 23:15:00
690,1637191800000.0,1.6338,1.6356,1.6227,1.6278,731469.0,2021-11-17 23:30:00
691,1637192700000.0,1.6277,1.6414,1.626,1.6379,1574946.0,2021-11-17 23:45:00
692,1637193600000.0,1.6371,1.6566,1.6279,1.6487,3168818.0,2021-11-18 00:00:00
693,1637194500000.0,1.6487,1.6551,1.6404,1.6482,2099889.0,2021-11-18 00:15:00
694,1637195400000.0,1.648,1.6666,1.6476,1.659,2627138.0,2021-11-18 00:30:00
695,1637196300000.0,1.6594,1.6671,1.6574,1.6581,1210031.0,2021-11-18 00:45:00
696,1637197200000.0,1.6584,1.6613,1.646,1.6471,1574120.0,2021-11-18 01:00:00
697,1637198100000.0,1.647,1.6498,1.6417,1.648,1491555.0,2021-11-18 01:15:00
698,1637199000000.0,1.6487,1.6658,1.6487,1.6591,2393017.0,2021-11-18 01:30:00
699,1637199900000.0,1.6595,1.6671,1.658,1.6646,1450572.0,2021-11-18 01:45:00
700,1637200800000.0,1.6648,1.6719,1.6624,1.6696,1979811.0,2021-11-18 02:00:00
701,1637201700000.0,1.6695,1.6789,1.6665,1.6677,2303388.0,2021-11-18 02:15:00
702,1637202600000.0,1.6673,1.6676,1.6571,1.6628,2504296.0,2021-11-18 02:30:00
703,1637203500000.0,1.6628,1.666,1.6551,1.6587,1792027.0,2021-11-18 02:45:00
704,1637204400000.0,1.659,1.6602,1.6477,1.6495,1477513.0,2021-11-18 03:00:00
705,1637205300000.0,1.6495,1.6794,1.6488,1.6655,4594587.0,2021-11-18 03:15:00
706,1637206200000.0,1.6655,1.6669,1.6524,1.6546,1394371.0,2021-11-18 03:30:00
707,1637207100000.0,1.6547,1.6579,1.6475,1.6487,1514651.0,2021-11-18 03:45:00
708,1637208000000.0,1.6487,1.6574,1.6473,1.6486,1451368.0,2021-11-18 04:00:00
709,1637208900000.0,1.6487,1.6607,1.6352,1.6379,2755736.0,2021-11-18 04:15:00
710,1637209800000.0,1.6382,1.6387,1.6255,1.6312,3701688.0,2021-11-18 04:30:00
711,1637210700000.0,1.6311,1.6372,1.6184,1.62,2002389.0,2021-11-18 04:45:00
712,1637211600000.0,1.62,1.6234,1.6155,1.6167,1860873.0,2021-11-18 05:00:00
713,1637212500000.0,1.6168,1.6222,1.605,1.6105,2582634.0,2021-11-18 05:15:00
714,1637213400000.0,1.6105,1.6169,1.6085,1.6086,969290.0,2021-11-18 05:30:00
715,1637214300000.0,1.6087,1.614,1.6063,1.6105,1226786.0,2021-11-18 05:45:00
716,1637215200000.0,1.6103,1.6126,1.597,1.6014,1658865.0,2021-11-18 06:00:00
717,1637216100000.0,1.6014,1.611,1.5993,1.6037,1419902.0,2021-11-18 06:15:00
718,1637217000000.0,1.6039,1.6087,1.5988,1.6023,928022.0,2021-11-18 06:30:00
719,1637217900000.0,1.6022,1.6057,1.5945,1.6023,1572231.0,2021-11-18 06:45:00
720,1637218800000.0,1.6024,1.6035,1.592,1.5931,1384452.0,2021-11-18 07:00:00
721,1637219700000.0,1.5931,1.596,1.5875,1.5894,1324854.0,2021-11-18 07:15:00
722,1637220600000.0,1.5895,1.5944,1.581,1.5898,2201883.0,2021-11-18 07:30:00
723,1637221500000.0,1.5897,1.5962,1.5877,1.5954,991140.0,2021-11-18 07:45:00
724,1637222400000.0,1.5955,1.5989,1.5817,1.5824,1576229.0,2021-11-18 08:00:00
725,1637223300000.0,1.5824,1.5929,1.5803,1.5911,1190840.0,2021-11-18 08:15:00
726,1637224200000.0,1.5913,1.5938,1.5824,1.5827,1057477.0,2021-11-18 08:30:00
727,1637225100000.0,1.5827,1.5875,1.5801,1.5868,1039468.0,2021-11-18 08:45:00
728,1637226000000.0,1.5866,1.5906,1.5693,1.5737,2285052.0,2021-11-18 09:00:00
729,1637226900000.0,1.5735,1.5768,1.5567,1.5585,2861698.0,2021-11-18 09:15:00
730,1637227800000.0,1.5586,1.5792,1.5529,1.5575,3443132.0,2021-11-18 09:30:00
731,1637228700000.0,1.5574,1.5664,1.55,1.5623,2183528.0,2021-11-18 09:45:00
732,1637229600000.0,1.5624,1.5713,1.559,1.5616,1749922.0,2021-11-18 10:00:00
733,1637230500000.0,1.5615,1.5827,1.5586,1.5807,2692891.0,2021-11-18 10:15:00
734,1637231400000.0,1.5806,1.5871,1.5776,1.5867,1843910.0,2021-11-18 10:30:00
735,1637232300000.0,1.5866,1.5947,1.5819,1.5921,1860592.0,2021-11-18 10:45:00
736,1637233200000.0,1.592,1.5934,1.5803,1.5863,2337575.0,2021-11-18 11:00:00
737,1637234100000.0,1.5864,1.5867,1.5778,1.5848,1206912.0,2021-11-18 11:15:00
738,1637235000000.0,1.5847,1.5847,1.5738,1.5755,1229767.0,2021-11-18 11:30:00
739,1637235900000.0,1.5754,1.5757,1.5621,1.5633,1845261.0,2021-11-18 11:45:00
740,1637236800000.0,1.5638,1.5749,1.5573,1.5741,2852820.0,2021-11-18 12:00:00
741,1637237700000.0,1.5746,1.5812,1.5649,1.5727,1585248.0,2021-11-18 12:15:00
742,1637238600000.0,1.5727,1.5778,1.5612,1.5665,1422671.0,2021-11-18 12:30:00
743,1637239500000.0,1.5665,1.571,1.5564,1.5634,1947222.0,2021-11-18 12:45:00
744,1637240400000.0,1.5632,1.5692,1.5551,1.5565,1679388.0,2021-11-18 13:00:00
745,1637241300000.0,1.5563,1.5591,1.535,1.5394,3579271.0,2021-11-18 13:15:00
746,1637242200000.0,1.5394,1.5627,1.5348,1.5565,2977433.0,2021-11-18 13:30:00
747,1637243100000.0,1.5567,1.5586,1.5461,1.5519,1602994.0,2021-11-18 13:45:00
748,1637244000000.0,1.5517,1.554,1.5398,1.5417,1878448.0,2021-11-18 14:00:00
749,1637244900000.0,1.5417,1.5463,1.5394,1.5396,1398354.0,2021-11-18 14:15:00
750,1637245800000.0,1.5396,1.5466,1.5304,1.5305,2134400.0,2021-11-18 14:30:00
751,1637246700000.0,1.5305,1.5396,1.5256,1.531,2159193.0,2021-11-18 14:45:00
752,1637247600000.0,1.531,1.5393,1.5167,1.5205,2821242.0,2021-11-18 15:00:00
753,1637248500000.0,1.5204,1.5275,1.4948,1.5261,8217751.0,2021-11-18 15:15:00
754,1637249400000.0,1.5261,1.5474,1.5226,1.5237,6593348.0,2021-11-18 15:30:00
755,1637250300000.0,1.5237,1.5248,1.5008,1.507,4911780.0,2021-11-18 15:45:00
756,1637251200000.0,1.5071,1.5183,1.493,1.5168,3867774.0,2021-11-18 16:00:00
757,1637252100000.0,1.5169,1.5193,1.48,1.4893,5297186.0,2021-11-18 16:15:00
758,1637253000000.0,1.4894,1.4995,1.4753,1.4913,5115718.0,2021-11-18 16:30:00
759,1637253900000.0,1.4913,1.4939,1.474,1.4748,3937033.0,2021-11-18 16:45:00
760,1637254800000.0,1.4749,1.4853,1.4426,1.4526,11309673.0,2021-11-18 17:00:00
761,1637255700000.0,1.4524,1.4989,1.4521,1.4964,5786197.0,2021-11-18 17:15:00
762,1637256600000.0,1.4968,1.5141,1.4935,1.5071,4707938.0,2021-11-18 17:30:00
763,1637257500000.0,1.507,1.5135,1.4937,1.4964,2743613.0,2021-11-18 17:45:00
764,1637258400000.0,1.4964,1.5129,1.4964,1.5035,2164717.0,2021-11-18 18:00:00
765,1637259300000.0,1.5036,1.5109,1.496,1.5058,2178721.0,2021-11-18 18:15:00
766,1637260200000.0,1.5059,1.515,1.5014,1.5044,2031087.0,2021-11-18 18:30:00
767,1637261100000.0,1.5044,1.5144,1.5029,1.5126,1085662.0,2021-11-18 18:45:00
768,1637262000000.0,1.5126,1.5153,1.5048,1.5119,1620451.0,2021-11-18 19:00:00
769,1637262900000.0,1.5119,1.5176,1.5105,1.515,1568425.0,2021-11-18 19:15:00
770,1637263800000.0,1.515,1.5236,1.512,1.5158,1656752.0,2021-11-18 19:30:00
771,1637264700000.0,1.5158,1.5158,1.5081,1.5116,1969111.0,2021-11-18 19:45:00
772,1637265600000.0,1.5126,1.5137,1.5006,1.5059,1658825.0,2021-11-18 20:00:00
773,1637266500000.0,1.5059,1.5127,1.4988,1.5098,1734329.0,2021-11-18 20:15:00
774,1637267400000.0,1.5099,1.5197,1.5075,1.5185,1000557.0,2021-11-18 20:30:00
775,1637268300000.0,1.5185,1.5312,1.518,1.5208,2739600.0,2021-11-18 20:45:00
776,1637269200000.0,1.5204,1.5298,1.5189,1.5265,2071165.0,2021-11-18 21:00:00
777,1637270100000.0,1.5266,1.5285,1.5183,1.5195,1019668.0,2021-11-18 21:15:00
778,1637271000000.0,1.5194,1.5213,1.513,1.5133,1357886.0,2021-11-18 21:30:00
779,1637271900000.0,1.5134,1.5141,1.5021,1.5053,1554185.0,2021-11-18 21:45:00
780,1637272800000.0,1.5053,1.5105,1.4833,1.5002,3127667.0,2021-11-18 22:00:00
781,1637273700000.0,1.5002,1.5055,1.4866,1.5003,2003922.0,2021-11-18 22:15:00
782,1637274600000.0,1.5004,1.5077,1.4805,1.4842,2792514.0,2021-11-18 22:30:00
783,1637275500000.0,1.4841,1.497,1.4809,1.4838,1880484.0,2021-11-18 22:45:00
784,1637276400000.0,1.4838,1.4928,1.4797,1.4819,2963387.0,2021-11-18 23:00:00
785,1637277300000.0,1.4819,1.4953,1.4772,1.491,2139310.0,2021-11-18 23:15:00
786,1637278200000.0,1.4911,1.4962,1.4755,1.4792,2319956.0,2021-11-18 23:30:00
787,1637279100000.0,1.4792,1.5002,1.4705,1.4949,2882764.0,2021-11-18 23:45:00
788,1637280000000.0,1.4953,1.5052,1.4805,1.5023,4339151.0,2021-11-19 00:00:00
789,1637280900000.0,1.5022,1.5073,1.4923,1.5011,1741622.0,2021-11-19 00:15:00
790,1637281800000.0,1.5009,1.5179,1.4966,1.5176,2736567.0,2021-11-19 00:30:00
791,1637282700000.0,1.5176,1.5256,1.512,1.5251,2089655.0,2021-11-19 00:45:00
792,1637283600000.0,1.5248,1.5255,1.5121,1.5178,1704115.0,2021-11-19 01:00:00
793,1637284500000.0,1.5179,1.5203,1.5052,1.5056,1632041.0,2021-11-19 01:15:00
794,1637285400000.0,1.5056,1.5128,1.5007,1.5013,1426221.0,2021-11-19 01:30:00
795,1637286300000.0,1.5014,1.5045,1.4946,1.4959,1728348.0,2021-11-19 01:45:00
796,1637287200000.0,1.4957,1.5106,1.4939,1.5098,1718826.0,2021-11-19 02:00:00
797,1637288100000.0,1.5097,1.5208,1.5047,1.5056,1344904.0,2021-11-19 02:15:00
798,1637289000000.0,1.5059,1.5097,1.4935,1.4946,1641375.0,2021-11-19 02:30:00
799,1637289900000.0,1.4945,1.499,1.479,1.4867,2761256.0,2021-11-19 02:45:00
800,1637290800000.0,1.4868,1.4939,1.4807,1.4925,1734729.0,2021-11-19 03:00:00
801,1637291700000.0,1.4924,1.4928,1.4828,1.4876,1585239.0,2021-11-19 03:15:00
802,1637292600000.0,1.4876,1.4921,1.4786,1.4809,1981529.0,2021-11-19 03:30:00
803,1637293500000.0,1.481,1.4914,1.4791,1.4914,1383513.0,2021-11-19 03:45:00
804,1637294400000.0,1.4911,1.5005,1.4877,1.4989,1552270.0,2021-11-19 04:00:00
805,1637295300000.0,1.4989,1.5093,1.498,1.5077,1130771.0,2021-11-19 04:15:00
806,1637296200000.0,1.5077,1.5145,1.5049,1.5088,1074624.0,2021-11-19 04:30:00
807,1637297100000.0,1.5086,1.5189,1.5071,1.5158,1843896.0,2021-11-19 04:45:00
808,1637298000000.0,1.5159,1.5256,1.5153,1.5228,1051425.0,2021-11-19 05:00:00
809,1637298900000.0,1.5228,1.5235,1.5111,1.5116,1258140.0,2021-11-19 05:15:00
810,1637299800000.0,1.5116,1.5332,1.5114,1.5291,2276033.0,2021-11-19 05:30:00
811,1637300700000.0,1.529,1.5405,1.5289,1.5375,1615297.0,2021-11-19 05:45:00
812,1637301600000.0,1.5377,1.5446,1.5343,1.5402,1601060.0,2021-11-19 06:00:00
813,1637302500000.0,1.5403,1.5621,1.5397,1.5615,3020899.0,2021-11-19 06:15:00
814,1637303400000.0,1.5615,1.5627,1.5428,1.5438,2185994.0,2021-11-19 06:30:00
815,1637304300000.0,1.5438,1.5458,1.5342,1.5381,2008276.0,2021-11-19 06:45:00
816,1637305200000.0,1.5381,1.547,1.5304,1.5309,1544315.0,2021-11-19 07:00:00
817,1637306100000.0,1.5306,1.5366,1.5274,1.5327,1766119.0,2021-11-19 07:15:00
818,1637307000000.0,1.5327,1.5357,1.526,1.5337,1299562.0,2021-11-19 07:30:00
819,1637307900000.0,1.5338,1.5362,1.5248,1.5291,1495097.0,2021-11-19 07:45:00
820,1637308800000.0,1.5289,1.5458,1.528,1.5443,1873354.0,2021-11-19 08:00:00
821,1637309700000.0,1.5443,1.569,1.5438,1.5682,3293331.0,2021-11-19 08:15:00
822,1637310600000.0,1.5679,1.5719,1.5595,1.568,2672183.0,2021-11-19 08:30:00
823,1637311500000.0,1.5678,1.5757,1.5611,1.5643,1673483.0,2021-11-19 08:45:00
824,1637312400000.0,1.5642,1.572,1.564,1.5713,1152909.0,2021-11-19 09:00:00
825,1637313300000.0,1.5714,1.5793,1.5704,1.5724,1977340.0,2021-11-19 09:15:00
826,1637314200000.0,1.5724,1.5888,1.571,1.587,2202703.0,2021-11-19 09:30:00
827,1637315100000.0,1.587,1.5872,1.5762,1.5785,1407913.0,2021-11-19 09:45:00
828,1637316000000.0,1.5785,1.5829,1.5671,1.5677,1701325.0,2021-11-19 10:00:00
829,1637316900000.0,1.5676,1.5722,1.5644,1.5722,1656093.0,2021-11-19 10:15:00
830,1637317800000.0,1.572,1.5724,1.5648,1.5672,1050064.0,2021-11-19 10:30:00
831,1637318700000.0,1.5671,1.5696,1.5617,1.5642,988077.0,2021-11-19 10:45:00
832,1637319600000.0,1.5638,1.5696,1.552,1.5536,1856868.0,2021-11-19 11:00:00
833,1637320500000.0,1.5537,1.5631,1.5528,1.5598,911588.0,2021-11-19 11:15:00
834,1637321400000.0,1.56,1.5696,1.5565,1.5661,1440818.0,2021-11-19 11:30:00
835,1637322300000.0,1.5661,1.5696,1.5604,1.5679,908432.0,2021-11-19 11:45:00
836,1637323200000.0,1.568,1.5848,1.5653,1.5832,1583544.0,2021-11-19 12:00:00
837,1637324100000.0,1.5833,1.5885,1.581,1.5834,1906718.0,2021-11-19 12:15:00
838,1637325000000.0,1.5834,1.5838,1.577,1.5777,1105451.0,2021-11-19 12:30:00
839,1637325900000.0,1.578,1.5827,1.5703,1.5711,1413438.0,2021-11-19 12:45:00
840,1637326800000.0,1.5708,1.5768,1.5665,1.5765,1762273.0,2021-11-19 13:00:00
841,1637327700000.0,1.5767,1.586,1.5709,1.5823,1828143.0,2021-11-19 13:15:00
842,1637328600000.0,1.5822,1.599,1.58,1.5856,4728320.0,2021-11-19 13:30:00
843,1637329500000.0,1.5858,1.5975,1.5843,1.5963,1836774.0,2021-11-19 13:45:00
844,1637330400000.0,1.5963,1.6014,1.594,1.6005,1996168.0,2021-11-19 14:00:00
845,1637331300000.0,1.6005,1.606,1.5969,1.6002,2114681.0,2021-11-19 14:15:00
846,1637332200000.0,1.6,1.6035,1.5932,1.6031,1624250.0,2021-11-19 14:30:00
847,1637333100000.0,1.6034,1.6252,1.5995,1.6156,4051513.0,2021-11-19 14:45:00
848,1637334000000.0,1.6156,1.6174,1.598,1.6012,2364552.0,2021-11-19 15:00:00
849,1637334900000.0,1.6009,1.6139,1.599,1.6089,1853514.0,2021-11-19 15:15:00
850,1637335800000.0,1.609,1.6158,1.6039,1.614,1516369.0,2021-11-19 15:30:00
851,1637336700000.0,1.614,1.6173,1.6084,1.6096,1444385.0,2021-11-19 15:45:00
852,1637337600000.0,1.6093,1.6129,1.6058,1.6096,1343247.0,2021-11-19 16:00:00
853,1637338500000.0,1.6095,1.6133,1.5985,1.5992,1794923.0,2021-11-19 16:15:00
854,1637339400000.0,1.5993,1.607,1.5989,1.6051,1162936.0,2021-11-19 16:30:00
855,1637340300000.0,1.6051,1.6118,1.6011,1.6114,1333231.0,2021-11-19 16:45:00
856,1637341200000.0,1.6114,1.6255,1.6114,1.6225,1890381.0,2021-11-19 17:00:00
857,1637342100000.0,1.6228,1.6241,1.613,1.6206,1892912.0,2021-11-19 17:15:00
858,1637343000000.0,1.6205,1.6207,1.6087,1.6121,1236880.0,2021-11-19 17:30:00
859,1637343900000.0,1.6119,1.6137,1.6041,1.6043,1442101.0,2021-11-19 17:45:00
860,1637344800000.0,1.6042,1.6108,1.6023,1.6092,1432730.0,2021-11-19 18:00:00
861,1637345700000.0,1.6093,1.6107,1.5949,1.5964,1702692.0,2021-11-19 18:15:00
862,1637346600000.0,1.5967,1.6037,1.5911,1.5956,2346844.0,2021-11-19 18:30:00
863,1637347500000.0,1.5956,1.6006,1.5943,1.5999,991274.0,2021-11-19 18:45:00
864,1637348400000.0,1.5998,1.6154,1.5997,1.6148,1451179.0,2021-11-19 19:00:00
865,1637349300000.0,1.6148,1.6151,1.6029,1.6029,1152307.0,2021-11-19 19:15:00
866,1637350200000.0,1.6029,1.6043,1.591,1.5979,2237386.0,2021-11-19 19:30:00
867,1637351100000.0,1.5982,1.6092,1.5976,1.6076,1308847.0,2021-11-19 19:45:00
868,1637352000000.0,1.6078,1.6125,1.6037,1.6091,1136086.0,2021-11-19 20:00:00
869,1637352900000.0,1.609,1.6094,1.5975,1.5978,1350048.0,2021-11-19 20:15:00
870,1637353800000.0,1.5978,1.6015,1.5946,1.6005,849610.0,2021-11-19 20:30:00
871,1637354700000.0,1.6007,1.6053,1.5975,1.5986,840342.0,2021-11-19 20:45:00
872,1637355600000.0,1.5987,1.5998,1.591,1.5949,1013740.0,2021-11-19 21:00:00
873,1637356500000.0,1.595,1.601,1.595,1.5967,895053.0,2021-11-19 21:15:00
874,1637357400000.0,1.5964,1.6035,1.5961,1.5995,742222.0,2021-11-19 21:30:00
875,1637358300000.0,1.5995,1.604,1.5987,1.6022,607523.0,2021-11-19 21:45:00
876,1637359200000.0,1.6023,1.6127,1.6019,1.6082,945845.0,2021-11-19 22:00:00
877,1637360100000.0,1.6082,1.6128,1.6026,1.6084,659248.0,2021-11-19 22:15:00
878,1637361000000.0,1.6083,1.6129,1.604,1.6044,485185.0,2021-11-19 22:30:00
879,1637361900000.0,1.6045,1.6078,1.602,1.6045,672365.0,2021-11-19 22:45:00
880,1637362800000.0,1.6046,1.6127,1.6027,1.61,1137851.0,2021-11-19 23:00:00
881,1637363700000.0,1.6097,1.6189,1.6059,1.6121,1438174.0,2021-11-19 23:15:00
882,1637364600000.0,1.6121,1.6131,1.6052,1.608,910869.0,2021-11-19 23:30:00
883,1637365500000.0,1.6076,1.6219,1.6073,1.6219,1226549.0,2021-11-19 23:45:00
884,1637366400000.0,1.6218,1.6365,1.6214,1.6345,3720825.0,2021-11-20 00:00:00
885,1637367300000.0,1.6345,1.6359,1.6258,1.6331,1244720.0,2021-11-20 00:15:00
886,1637368200000.0,1.6328,1.64,1.6271,1.6334,2489534.0,2021-11-20 00:30:00
887,1637369100000.0,1.6338,1.6338,1.6215,1.6236,1329003.0,2021-11-20 00:45:00
888,1637370000000.0,1.6237,1.6309,1.6219,1.6301,882192.0,2021-11-20 01:00:00
889,1637370900000.0,1.6301,1.6373,1.628,1.6357,1224790.0,2021-11-20 01:15:00
890,1637371800000.0,1.6359,1.642,1.6329,1.6368,1129993.0,2021-11-20 01:30:00
891,1637372700000.0,1.637,1.6485,1.6359,1.6446,1480158.0,2021-11-20 01:45:00
892,1637373600000.0,1.6446,1.6465,1.6354,1.6406,1261810.0,2021-11-20 02:00:00
893,1637374500000.0,1.6405,1.6438,1.6317,1.6317,1119995.0,2021-11-20 02:15:00
894,1637375400000.0,1.6318,1.6333,1.6254,1.6264,1169671.0,2021-11-20 02:30:00
895,1637376300000.0,1.6263,1.6309,1.6255,1.6276,794772.0,2021-11-20 02:45:00
896,1637377200000.0,1.6276,1.6326,1.6246,1.6257,1657941.0,2021-11-20 03:00:00
897,1637378100000.0,1.6257,1.6311,1.6237,1.6245,988574.0,2021-11-20 03:15:00
898,1637379000000.0,1.6245,1.6252,1.6121,1.6154,1963950.0,2021-11-20 03:30:00
899,1637379900000.0,1.615,1.6152,1.6063,1.6098,1664830.0,2021-11-20 03:45:00
900,1637380800000.0,1.6099,1.6126,1.6053,1.6087,1022432.0,2021-11-20 04:00:00
901,1637381700000.0,1.6087,1.6089,1.6021,1.6039,658491.0,2021-11-20 04:15:00
902,1637382600000.0,1.6041,1.6127,1.6032,1.6113,816335.0,2021-11-20 04:30:00
903,1637383500000.0,1.6113,1.6157,1.6091,1.6141,685829.0,2021-11-20 04:45:00
904,1637384400000.0,1.6139,1.619,1.6083,1.6086,895175.0,2021-11-20 05:00:00
905,1637385300000.0,1.6087,1.6113,1.6035,1.6112,853558.0,2021-11-20 05:15:00
906,1637386200000.0,1.6111,1.6125,1.6038,1.6064,1105061.0,2021-11-20 05:30:00
907,1637387100000.0,1.6062,1.6072,1.6031,1.6065,615428.0,2021-11-20 05:45:00
908,1637388000000.0,1.6065,1.6102,1.6025,1.6102,638893.0,2021-11-20 06:00:00
909,1637388900000.0,1.61,1.6186,1.6092,1.6155,1328069.0,2021-11-20 06:15:00
910,1637389800000.0,1.6155,1.621,1.611,1.6128,927655.0,2021-11-20 06:30:00
911,1637390700000.0,1.6127,1.6197,1.6111,1.6196,722647.0,2021-11-20 06:45:00
912,1637391600000.0,1.6195,1.6197,1.6148,1.6167,697978.0,2021-11-20 07:00:00
913,1637392500000.0,1.6167,1.6173,1.6069,1.6087,1353331.0,2021-11-20 07:15:00
914,1637393400000.0,1.6087,1.614,1.6079,1.6112,755833.0,2021-11-20 07:30:00
915,1637394300000.0,1.6112,1.6116,1.6056,1.6082,713661.0,2021-11-20 07:45:00
916,1637395200000.0,1.6081,1.61,1.6056,1.6093,1108588.0,2021-11-20 08:00:00
917,1637396100000.0,1.6094,1.6132,1.6068,1.6118,427356.0,2021-11-20 08:15:00
918,1637397000000.0,1.6118,1.6197,1.6116,1.619,777885.0,2021-11-20 08:30:00
919,1637397900000.0,1.6189,1.621,1.6139,1.615,801925.0,2021-11-20 08:45:00
920,1637398800000.0,1.615,1.6214,1.6145,1.6207,646742.0,2021-11-20 09:00:00
921,1637399700000.0,1.6207,1.6209,1.6134,1.6139,678289.0,2021-11-20 09:15:00
922,1637400600000.0,1.6138,1.6196,1.612,1.6195,625279.0,2021-11-20 09:30:00
923,1637401500000.0,1.6195,1.6216,1.6165,1.6187,838533.0,2021-11-20 09:45:00
924,1637402400000.0,1.6186,1.6187,1.6114,1.6182,1166580.0,2021-11-20 10:00:00
925,1637403300000.0,1.6182,1.6253,1.6173,1.6253,988000.0,2021-11-20 10:15:00
926,1637404200000.0,1.6252,1.6299,1.6198,1.6292,1564449.0,2021-11-20 10:30:00
927,1637405100000.0,1.6293,1.6311,1.6222,1.625,999885.0,2021-11-20 10:45:00
928,1637406000000.0,1.6248,1.6298,1.6247,1.6292,674712.0,2021-11-20 11:00:00
929,1637406900000.0,1.6292,1.6292,1.6227,1.6243,692736.0,2021-11-20 11:15:00
930,1637407800000.0,1.6244,1.629,1.621,1.6264,1157263.0,2021-11-20 11:30:00
931,1637408700000.0,1.6262,1.6321,1.625,1.629,1039666.0,2021-11-20 11:45:00
932,1637409600000.0,1.6291,1.6465,1.629,1.6412,2764242.0,2021-11-20 12:00:00
933,1637410500000.0,1.6413,1.6436,1.6358,1.6399,1351111.0,2021-11-20 12:15:00
934,1637411400000.0,1.6399,1.647,1.6369,1.6377,1653080.0,2021-11-20 12:30:00
935,1637412300000.0,1.638,1.6407,1.6335,1.6375,1068686.0,2021-11-20 12:45:00
936,1637413200000.0,1.6375,1.6476,1.6369,1.6428,1217758.0,2021-11-20 13:00:00
937,1637414100000.0,1.6428,1.6436,1.6383,1.6383,862758.0,2021-11-20 13:15:00
938,1637415000000.0,1.6383,1.6392,1.6312,1.6337,1184590.0,2021-11-20 13:30:00
939,1637415900000.0,1.6337,1.6349,1.6246,1.6256,1445857.0,2021-11-20 13:45:00
940,1637416800000.0,1.6256,1.6325,1.6182,1.6222,1736159.0,2021-11-20 14:00:00
941,1637417700000.0,1.6227,1.6245,1.6082,1.612,2738853.0,2021-11-20 14:15:00
942,1637418600000.0,1.6116,1.6169,1.6075,1.614,1276020.0,2021-11-20 14:30:00
943,1637419500000.0,1.6139,1.616,1.6062,1.6065,950106.0,2021-11-20 14:45:00
944,1637420400000.0,1.6064,1.6096,1.575,1.5833,6481975.0,2021-11-20 15:00:00
945,1637421300000.0,1.5834,1.5936,1.58,1.5872,1851206.0,2021-11-20 15:15:00
946,1637422200000.0,1.5874,1.5937,1.5657,1.5724,2762512.0,2021-11-20 15:30:00
947,1637423100000.0,1.5724,1.5781,1.5622,1.5695,3926233.0,2021-11-20 15:45:00
948,1637424000000.0,1.5695,1.581,1.5671,1.5698,2747459.0,2021-11-20 16:00:00
949,1637424900000.0,1.5698,1.5777,1.5603,1.5732,1992691.0,2021-11-20 16:15:00
950,1637425800000.0,1.573,1.5819,1.5717,1.5806,1495291.0,2021-11-20 16:30:00
951,1637426700000.0,1.5804,1.5836,1.577,1.5815,932907.0,2021-11-20 16:45:00
952,1637427600000.0,1.5813,1.5881,1.5798,1.5849,1918579.0,2021-11-20 17:00:00
953,1637428500000.0,1.5849,1.5865,1.5756,1.5797,915780.0,2021-11-20 17:15:00
954,1637429400000.0,1.5797,1.5822,1.5724,1.577,1262705.0,2021-11-20 17:30:00
955,1637430300000.0,1.5771,1.5796,1.5695,1.5717,1349011.0,2021-11-20 17:45:00
956,1637431200000.0,1.5714,1.5752,1.5693,1.5747,1305085.0,2021-11-20 18:00:00
957,1637432100000.0,1.5746,1.612,1.5733,1.6103,4206784.0,2021-11-20 18:15:00
958,1637433000000.0,1.6103,1.6227,1.5959,1.6216,4367079.0,2021-11-20 18:30:00
959,1637433900000.0,1.6216,1.6331,1.619,1.6239,2541151.0,2021-11-20 18:45:00
960,1637434800000.0,1.624,1.6282,1.6197,1.6265,1800981.0,2021-11-20 19:00:00
961,1637435700000.0,1.6263,1.6284,1.6217,1.6236,902774.0,2021-11-20 19:15:00
962,1637436600000.0,1.6238,1.6278,1.6227,1.626,757375.0,2021-11-20 19:30:00
963,1637437500000.0,1.6258,1.6285,1.6238,1.6278,770358.0,2021-11-20 19:45:00
964,1637438400000.0,1.6278,1.6368,1.6266,1.633,1608299.0,2021-11-20 20:00:00
965,1637439300000.0,1.6328,1.6414,1.6324,1.6373,1641414.0,2021-11-20 20:15:00
966,1637440200000.0,1.6374,1.6374,1.6266,1.6289,1137122.0,2021-11-20 20:30:00
967,1637441100000.0,1.6295,1.6313,1.6268,1.6286,1144489.0,2021-11-20 20:45:00
968,1637442000000.0,1.6287,1.6332,1.6287,1.6324,757463.0,2021-11-20 21:00:00
969,1637442900000.0,1.6325,1.643,1.6317,1.642,1075353.0,2021-11-20 21:15:00
970,1637443800000.0,1.6418,1.6439,1.6374,1.6402,887756.0,2021-11-20 21:30:00
971,1637444700000.0,1.6401,1.645,1.6388,1.6448,808991.0,2021-11-20 21:45:00
972,1637445600000.0,1.6447,1.6737,1.6445,1.6683,4591313.0,2021-11-20 22:00:00
973,1637446500000.0,1.6683,1.6691,1.6571,1.669,2156226.0,2021-11-20 22:15:00
974,1637447400000.0,1.669,1.6691,1.658,1.6623,795382.0,2021-11-20 22:30:00
975,1637448300000.0,1.6623,1.6649,1.6583,1.6634,362354.0,2021-11-20 22:45:00
976,1637449200000.0,1.6634,1.68,1.6622,1.67,2015595.0,2021-11-20 23:00:00
977,1637450100000.0,1.67,1.6755,1.6665,1.6709,1408597.0,2021-11-20 23:15:00
978,1637451000000.0,1.6707,1.6732,1.6664,1.6694,1034330.0,2021-11-20 23:30:00
979,1637451900000.0,1.6695,1.6729,1.6612,1.6653,2030589.0,2021-11-20 23:45:00
980,1637452800000.0,1.6656,1.6685,1.6571,1.6594,2078389.0,2021-11-21 00:00:00
981,1637453700000.0,1.6597,1.6597,1.6471,1.6493,1945376.0,2021-11-21 00:15:00
982,1637454600000.0,1.6492,1.6571,1.6427,1.6561,2106230.0,2021-11-21 00:30:00
983,1637455500000.0,1.6561,1.6579,1.6506,1.654,850204.0,2021-11-21 00:45:00
984,1637456400000.0,1.6541,1.6586,1.6461,1.6493,1578573.0,2021-11-21 01:00:00
985,1637457300000.0,1.6494,1.6519,1.6453,1.6458,624031.0,2021-11-21 01:15:00
986,1637458200000.0,1.6458,1.6487,1.6408,1.643,706181.0,2021-11-21 01:30:00
987,1637459100000.0,1.6431,1.6472,1.6373,1.6455,1311088.0,2021-11-21 01:45:00
988,1637460000000.0,1.6457,1.6542,1.6419,1.6497,1437834.0,2021-11-21 02:00:00
989,1637460900000.0,1.6498,1.6591,1.6491,1.6549,1354452.0,2021-11-21 02:15:00
990,1637461800000.0,1.6547,1.6566,1.6299,1.6348,2310262.0,2021-11-21 02:30:00
991,1637462700000.0,1.6348,1.6414,1.6334,1.6398,967858.0,2021-11-21 02:45:00
992,1637463600000.0,1.6397,1.6429,1.6332,1.6412,1036581.0,2021-11-21 03:00:00
993,1637464500000.0,1.6412,1.6413,1.6334,1.6361,1009905.0,2021-11-21 03:15:00
994,1637465400000.0,1.636,1.6393,1.6242,1.625,1304145.0,2021-11-21 03:30:00
995,1637466300000.0,1.6251,1.6288,1.6209,1.6231,1148313.0,2021-11-21 03:45:00
996,1637467200000.0,1.623,1.6335,1.6209,1.6317,638364.0,2021-11-21 04:00:00
997,1637468100000.0,1.6317,1.632,1.6273,1.6277,873627.0,2021-11-21 04:15:00
998,1637469000000.0,1.6275,1.6302,1.619,1.6234,1098133.0,2021-11-21 04:30:00
999,1637469900000.0,1.6233,1.6235,1.6212,1.6216,27633.0,2021-11-21 04:45:00
